Id;Tempo;aX;aY;aZ;Punch Type
1;20:56:08;0;0;0;Jab
2;20:56:08;0;0;0;Jab
3;20:56:08;0;0;0;Jab
4;20:56:08;0;0;0;Jab
5;20:56:08;0;0;0;Jab
6;20:56:08;0;0;0;Jab
7;20:56:09;65,625;2,625;-79,875;Jab
8;20:56:09;64,0625;4,0625;-79,5625;Jab
9;20:56:09;64,1875;4,5625;-78,8125;Jab
10;20:56:09;63,625;5,5;-75,4375;Jab
11;20:56:09;63,5;5,0625;-72,9375;Jab
12;20:56:09;64,6875;5,0625;-73,0625;Jab
13;20:56:09;65,6875;5,5;-73,1875;Jab
14;20:56:09;65,875;6;-71,4375;Jab
15;20:56:09;65,9375;6;-70,3125;Jab
16;20:56:10;65,4375;5,8125;-69,3125;Jab
17;20:56:10;65,1875;4,375;-67,875;Jab
18;20:56:10;66,625;1,1875;-69,75;Jab
19;20:56:10;69,375;-1,5;-72,375;Jab
20;20:56:10;73;-5,4375;-74,25;Jab
21;20:56:10;74,9375;-10,3125;-72,3125;Jab
22;20:56:10;74,9375;-13,25;-67,75;Jab
23;20:56:10;71,25;-13,1875;-61,0625;Jab
24;20:56:10;66,5625;-12,625;-53,8125;Jab
25;20:56:10;62,8125;-11,8125;-46,75;Jab
26;20:56:11;59,125;-9,5625;-40,0625;Jab
27;20:56:11;54,375;-8,125;-32,4375;Jab
28;20:56:11;51;-5,9375;-25,1875;Jab
29;20:56:11;48,625;0,25;-19,25;Jab
30;20:56:11;46,25;9,4375;-14,9375;Jab
31;20:56:11;41,875;16,3125;-11,625;Jab
32;20:56:11;30,9375;22,75;-7,1875;Jab
33;20:56:11;15;24,8125;-0,75;Jab
34;20:56:11;359,8125;19,625;-2,375;Jab
35;20:56:11;346,5625;12,25;-5,8125;Jab
36;20:56:12;341,0625;7,5625;-11,9375;Jab
37;20:56:12;340,0625;5,6875;-13,5;Jab
38;20:56:12;340,3125;1,375;-14,6875;Jab
39;20:56:12;340;-0,625;-12,5;Jab
40;20:56:12;135,9375;-2,1875;-10,75;Jab
41;20:56:12;135,9375;-1,9375;-10,8125;Jab
42;20:56:12;136,375;-1,6875;-8,6875;Jab
43;20:56:12;136,75;-1,5;-6,9375;Jab
44;20:56:12;137,5625;-0,5625;-5,4375;Jab
45;20:56:12;137,5625;1,1875;-5;Jab
46;20:56:13;137;2,5;-4,6875;Jab
47;20:56:13;137,125;2,8125;-3,1875;Jab
48;20:56:13;136,875;2,375;-2,625;Jab
49;20:56:13;136,5625;1,9375;-2,0625;Jab
50;20:56:13;136,3125;2;-2,1875;Jab
51;20:56:13;136,25;1,8125;-2,125;Jab
52;20:56:13;136,1875;1,625;-2;Jab
53;20:56:13;135,9375;1,5;-1,875;Jab
54;20:56:13;135,875;1,375;-1,8125;Jab
55;20:56:13;135,875;1,25;-1,75;Jab
56;20:56:14;135,6875;1,1875;-1,6875;Jab
57;20:56:14;135,5;1,125;-1,625;Jab
58;20:56:14;135,375;1;-1,625;Jab
59;20:56:14;135,375;0,9375;-1,5625;Jab
60;20:56:14;135,3125;0,9375;-1,5625;Jab
61;20:56:14;135,3125;0,875;-1,5;Jab
62;20:56:14;135,3125;0,8125;-1,5;Jab
63;20:56:14;135,125;0,8125;-1,4375;Jab
64;20:56:14;135,1875;0,75;-1,4375;Jab
65;20:56:14;135,125;0,75;-1,4375;Jab
66;20:56:15;135,125;0,6875;-1,4375;Jab
67;20:56:15;135,125;0,6875;-1,375;Jab
68;20:56:15;135,125;0,6875;-1,375;Jab
69;20:56:15;135,1875;0,6875;-1,375;Jab
70;20:56:15;135,125;0,6875;-1,375;Jab
71;20:56:15;135,0625;0,6875;-1,375;Jab
72;20:56:15;135,125;0,6875;-1,375;Jab
73;20:56:15;135,125;0,6875;-1,375;Jab
74;20:56:15;135,125;0,6875;-1,375;Jab
75;20:56:15;135,125;0,6875;-1,375;Jab
76;20:56:16;135,125;0,6875;-1,375;Jab
77;20:56:16;135,125;0,6875;-1,375;Jab
78;20:56:16;135,125;0,6875;-1,375;Jab
79;20:56:16;135,125;0,6875;-1,375;Jab
80;20:56:16;135,125;0,6875;-1,375;Jab
81;20:56:16;135,125;0,6875;-1,375;Jab
82;20:56:16;135,125;0,6875;-1,375;Jab
83;20:56:16;135,125;0,6875;-1,375;Jab
84;20:56:16;135,125;0,6875;-1,375;Jab
85;20:56:58;0;0;0;Jab
86;20:56:58;0;0;0;Jab
87;20:56:59;0;0;0;Jab
88;20:56:59;0;0;0;Jab
89;20:56:59;0;0;0;Jab
90;20:56:59;0;0;0;Jab
91;20:56:59;71;8,8125;-58,5625;Jab
92;20:56:59;71,125;7,625;-59,5625;Jab
93;20:56:59;70,8125;5,9375;-60,875;Jab
94;20:56:59;70,75;4,875;-61,5;Jab
95;20:56:59;69,6875;4,4375;-62,5;Jab
96;20:56:59;68,625;5,8125;-64,1875;Jab
97;20:57:00;69,625;5,3125;-65,4375;Jab
98;20:57:00;71,125;3,75;-65,5;Jab
99;20:57:00;72,875;1,4375;-66,6875;Jab
100;20:57:00;73,5;1,0625;-67,4375;Jab
101;20:57:00;72,625;1,75;-66,375;Jab
102;20:57:00;67,75;4,5;-60,0625;Jab
103;20:57:00;59,5;7,9375;-47,875;Jab
104;20:57:00;53,3125;11,75;-37,1875;Jab
105;20:57:00;176,25;17,5;-23,9375;Jab
106;20:57:00;161,1875;21,125;-10,125;Jab
107;20:57:01;145,75;19,8125;0,375;Jab
108;20:57:01;131,75;12,75;-1;Jab
109;20:57:01;124,1875;6,25;-8;Jab
110;20:57:01;121,875;1,1875;-13,875;Jab
111;20:57:01;120,75;-1,5;-17,4375;Jab
112;20:57:01;121,1875;-4,4375;-18,25;Jab
113;20:57:01;121,0625;-4,0625;-12,5;Jab
114;20:57:01;121,25;-3,75;-9,9375;Jab
115;20:57:01;121,875;-2,6875;-5,375;Jab
116;20:57:01;122,4375;-1,5625;-1,625;Jab
117;20:57:02;122,5625;-0,8125;0,125;Jab
118;20:57:02;122,625;-0,5;1,0625;Jab
119;20:57:02;122,9375;-0,25;0,3125;Jab
120;20:57:02;122,9375;-0,25;0,6875;Jab
121;20:57:02;122,9375;-0,25;0,875;Jab
122;20:57:02;122,9375;-0,25;1,125;Jab
123;20:57:02;122,9375;-0,25;1,25;Jab
124;20:57:02;122,9375;-0,25;1,375;Jab
125;20:57:02;122,9375;-0,3125;1,5;Jab
126;20:57:02;122,9375;-0,3125;1,5625;Jab
127;20:57:03;122,9375;-0,3125;1,625;Jab
128;20:57:03;122,9375;-0,3125;1,6875;Jab
129;20:57:03;122,9375;-0,3125;1,75;Jab
130;20:57:03;122,9375;-0,3125;1,8125;Jab
131;20:57:03;122,9375;-0,3125;1,8125;Jab
132;20:57:03;122,9375;-0,3125;1,875;Jab
133;20:57:03;122,9375;-0,3125;1,9375;Jab
134;20:57:03;122,9375;-0,3125;1,9375;Jab
135;20:57:03;122,9375;-0,3125;1,9375;Jab
136;20:57:03;122,9375;-0,3125;1,9375;Jab
137;20:57:04;122,9375;-0,3125;1,9375;Jab
138;20:57:04;122,9375;-0,3125;1,9375;Jab
139;20:57:04;122,9375;-0,3125;1,9375;Jab
140;20:57:04;122,9375;-0,3125;1,9375;Jab
141;20:57:04;122,9375;-0,3125;1,9375;Jab
142;20:57:04;122,9375;-0,3125;1,9375;Jab
143;20:57:04;122,9375;-0,3125;1,9375;Jab
144;20:57:04;122,9375;-0,3125;1,9375;Jab
145;20:57:04;122,9375;-0,3125;1,9375;Jab
146;20:57:05;122,9375;-0,3125;1,9375;Jab
147;20:57:05;122,9375;-0,3125;1,9375;Jab
148;20:57:05;122,9375;-0,3125;1,9375;Jab
149;20:57:05;122,9375;-0,3125;1,9375;Jab
150;20:57:05;122,9375;-0,3125;1,9375;Jab
151;20:57:05;122,9375;-0,3125;1,9375;Jab
152;20:57:05;122,9375;-0,3125;1,9375;Jab
153;20:57:05;122,9375;-0,3125;1,9375;Jab
154;20:57:05;122,9375;-0,3125;1,9375;Jab
155;20:57:05;122,9375;-0,3125;1,9375;Jab
156;20:57:06;122,9375;-0,3125;1,9375;Jab
157;20:57:06;122,9375;-0,3125;1,9375;Jab
158;20:57:06;122,9375;-0,3125;1,9375;Jab
159;20:57:06;122,9375;-0,3125;1,9375;Jab
160;20:57:06;122,9375;-0,3125;1,9375;Jab
161;20:57:06;122,9375;-0,3125;1,9375;Jab
162;20:57:06;122,9375;-0,3125;1,9375;Jab
163;20:58:20;0;0;0;Jab
164;20:58:21;0;0;0;Jab
165;20:58:21;0;0;0;Jab
166;20:58:21;0;0;0;Jab
167;20:58:21;0;0;0;Jab
168;20:58:21;0;0;0;Jab
169;20:58:21;225,125;4,0625;-64,625;Jab
170;20:58:21;225,4375;4,125;-64,875;Jab
171;20:58:21;225,5;4,125;-64,875;Jab
172;20:58:21;225,3125;3,875;-64,5;Jab
173;20:58:21;224,8125;3,5;-63,3125;Jab
174;20:58:22;224,9375;2,75;-61,375;Jab
175;20:58:22;225,75;1,375;-58,625;Jab
176;20:58:22;227,3125;-0,75;-56,375;Jab
177;20:58:22;229,1875;-2,4375;-54,375;Jab
178;20:58:22;229,125;-1,3125;-52,75;Jab
179;20:58:22;227,75;-0,3125;-49,9375;Jab
180;20:58:22;222,375;-0,0625;-43;Jab
181;20:58:22;215,1875;-0,1875;-35,625;Jab
182;20:58:22;210,5625;2,25;-30,4375;Jab
183;20:58:22;204,875;7,875;-23,5625;Jab
184;20:58:23;195,375;13;-17,5625;Jab
185;20:58:23;179,875;17,5625;-13,875;Jab
186;20:58:23;165,5;15,75;-11,75;Jab
187;20:58:23;153,875;11,25;-11,625;Jab
188;20:58:23;145,875;8,125;-13,375;Jab
189;20:58:23;142,1875;3,5;-15,5;Jab
190;20:58:23;140,5625;-0,1875;-17,125;Jab
191;20:58:23;141,5;-2,5625;-15,125;Jab
192;20:58:23;141,625;-1,75;-15,6875;Jab
193;20:58:24;142,9375;-2,1875;-18,75;Jab
194;20:58:24;144,0625;-3,75;-16,0625;Jab
195;20:58:24;144,625;-3,4375;-11,8125;Jab
196;20:58:24;144,5;-3,1875;-8,8125;Jab
197;20:58:24;144,375;-2,75;-7,5625;Jab
198;20:58:24;144,375;-2,1875;-6,5625;Jab
199;20:58:24;144,0625;0;-4,6875;Jab
200;20:58:24;144,6875;0,1875;-3,25;Jab
201;20:58:24;142,875;0,25;-2,125;Jab
202;20:58:24;142,625;0,4375;-1,75;Jab
203;20:58:25;142,4375;0,3125;-1,1875;Jab
204;20:58:25;142,5;0,1875;-0,6875;Jab
205;20:58:25;142,3125;0,125;-0,5625;Jab
206;20:58:25;142,1875;0,0625;-0,25;Jab
207;20:58:25;141,9375;0,0625;0;Jab
208;20:58:25;141,6875;0;0,125;Jab
209;20:58:25;141,5625;0;0,25;Jab
210;20:58:25;141,375;0;0,3125;Jab
211;20:58:25;141,3125;0;0,4375;Jab
212;20:58:25;141,1875;0;0,5625;Jab
213;20:58:26;141;-0,0625;0,625;Jab
214;20:58:26;140,875;-0,0625;0,6875;Jab
215;20:58:26;140,8125;-0,0625;0,75;Jab
216;20:58:26;140,8125;-0,0625;0,75;Jab
217;20:58:26;140,5625;-0,0625;0,8125;Jab
218;20:58:26;140,5;-0,0625;0,875;Jab
219;20:58:26;140,5;-0,0625;0,875;Jab
220;20:58:26;140,4375;-0,0625;0,9375;Jab
221;20:58:26;140,375;-0,125;0,9375;Jab
222;20:58:26;140,125;-0,125;1;Jab
223;20:58:27;140,125;-0,125;1;Jab
224;20:58:27;139,875;-0,125;1;Jab
225;20:58:27;139,875;-0,125;1;Jab
226;20:58:27;139,875;-0,125;1;Jab
227;20:58:27;139,875;-0,125;1;Jab
228;20:58:27;139,875;-0,125;1;Jab
229;20:58:27;139,875;-0,125;1;Jab
230;20:58:27;139,875;-0,125;1;Jab
231;20:59:34;0;0;0;Jab
232;20:59:34;0;0;0;Jab
233;20:59:35;0;0;0;Jab
234;20:59:35;0;0;0;Jab
235;20:59:35;0;0;0;Jab
236;20:59:35;0;0;0;Jab
237;20:59:35;74,875;6,25;-58,8125;Jab
238;20:59:35;75,25;5,6875;-60,125;Jab
239;20:59:35;74,5625;5,875;-60,4375;Jab
240;20:59:35;75;5,625;-60,6875;Jab
241;20:59:35;77,0625;5,0625;-61,8125;Jab
242;20:59:35;79,25;5,0625;-61,8125;Jab
243;20:59:36;81,5;5;-60,9375;Jab
244;20:59:36;82,375;5;-59,875;Jab
245;20:59:36;80,75;6,25;-58,4375;Jab
246;20:59:36;78,875;7,1875;-57,4375;Jab
247;20:59:36;76,5625;8,75;-56,375;Jab
248;20:59:36;73,75;10,4375;-55,625;Jab
249;20:59:36;71;12,625;-53,75;Jab
250;20:59:36;65,9375;17,0625;-48,9375;Jab
251;20:59:36;214;22,5;-40,875;Jab
252;20:59:36;207;29,0625;-32,875;Jab
253;20:59:37;198,6875;34,625;-25,9375;Jab
254;20:59:37;190,9375;35,4375;-21,375;Jab
255;20:59:37;182,25;34,3125;-18,0625;Jab
256;20:59:37;170,625;28,5;-15,625;Jab
257;20:59:37;160,9375;19,25;-17;Jab
258;20:59:37;155,375;10,875;-14,125;Jab
259;20:59:37;152,0625;5,4375;-12,375;Jab
260;20:59:37;149,5625;2,25;-10,625;Jab
261;20:59:37;148,625;0,875;-6,0625;Jab
262;20:59:37;148,1875;-0,9375;-3,9375;Jab
263;20:59:38;147,25;-2,9375;-1,9375;Jab
264;20:59:38;146,5;-5,125;-2,5625;Jab
265;20:59:38;146,1875;-5;-2,0625;Jab
266;20:59:38;145,75;-5,125;-1,75;Jab
267;20:59:38;145,25;-4;-2,875;Jab
268;20:59:38;145,375;-3,0625;-2,625;Jab
269;20:59:38;145,5;-2,375;-1,8125;Jab
270;20:59:38;143,875;-1,9375;-1,6875;Jab
271;20:59:38;143,125;-1,75;-1,125;Jab
272;20:59:38;142,8125;-1,5;-0,4375;Jab
273;20:59:39;143;-0,8125;0;Jab
274;20:59:39;142,75;-0,75;0;Jab
275;20:59:39;142,5625;-0,6875;0,125;Jab
276;20:59:39;142,4375;-0,625;0,25;Jab
277;20:59:39;142,125;-0,625;0,375;Jab
278;20:59:39;141,8125;-0,5625;0,4375;Jab
279;20:59:39;141,5;-0,5625;0,5625;Jab
280;20:59:39;141,3125;-0,5625;0,625;Jab
281;20:59:39;141;-0,5;0,6875;Jab
282;20:59:39;140,625;-0,5;0,75;Jab
283;20:59:40;140,5625;-0,5;0,75;Jab
284;20:59:40;140,4375;-0,5;0,8125;Jab
285;20:59:40;140,25;-0,4375;0,875;Jab
286;20:59:40;140,125;-0,4375;0,875;Jab
287;20:59:40;140;-0,4375;0,9375;Jab
288;20:59:40;139,8125;-0,4375;0,9375;Jab
289;20:59:40;139,6875;-0,4375;0,9375;Jab
290;20:59:40;139,625;-0,4375;0,9375;Jab
291;20:59:40;139,625;-0,4375;0,9375;Jab
292;20:59:40;139,5625;-0,4375;0,9375;Jab
293;20:59:41;139,5;-0,4375;0,9375;Jab
294;20:59:41;139,5;-0,4375;0,9375;Jab
295;20:59:41;139,4375;-0,4375;0,9375;Jab
296;20:59:41;139,4375;-0,4375;0,9375;Jab
297;20:59:41;139,4375;-0,4375;0,9375;Jab
298;20:59:41;139,4375;-0,4375;0,9375;Jab
299;20:59:41;139,4375;-0,4375;0,9375;Jab
300;20:59:41;139,4375;-0,4375;0,9375;Jab
301;20:59:41;139,4375;-0,4375;0,9375;Jab
302;20:59:41;139,4375;-0,4375;0,9375;Jab
303;20:59:42;139,4375;-0,4375;0,9375;Jab
304;20:59:42;139,4375;-0,4375;0,9375;Jab
305;20:59:42;139,4375;-0,4375;0,9375;Jab
306;20:59:42;139,4375;-0,4375;0,9375;Jab
307;20:59:42;139,4375;-0,4375;0,9375;Jab
308;20:59:42;139,4375;-0,4375;0,9375;Jab
309;20:59:42;139,4375;-0,4375;0,9375;Jab
310;21:00:54;0;0;0;Jab
311;21:00:54;0;0;0;Jab
312;21:00:54;0;0;0;Jab
313;21:00:54;0;0;0;Jab
314;21:00:55;0;0;0;Jab
315;21:00:55;0;0;0;Jab
316;21:00:55;77,4375;4,75;-54,5;Jab
317;21:00:55;80,5625;2,625;-55,25;Jab
318;21:00:55;84,0625;0,125;-57,5;Jab
319;21:00:55;87;-2,8125;-60,0625;Jab
320;21:00:55;90,625;-5,9375;-62,875;Jab
321;21:00:55;93,125;-7,5625;-64,25;Jab
322;21:00:55;93,875;-8,0625;-64,6875;Jab
323;21:00:56;93,3125;-7,9375;-64,9375;Jab
324;21:00:56;91,4375;-7,125;-66,6875;Jab
325;21:00:56;87,625;-4,6875;-67,1875;Jab
326;21:00:56;232,375;0,625;-65,875;Jab
327;21:00:56;221,0625;6,75;-61,25;Jab
328;21:00:56;208,25;16,4375;-45,375;Jab
329;21:00:56;200;23,75;-38,9375;Jab
330;21:00:56;188,9375;33,5;-29,4375;Jab
331;21:00:56;176,6875;37,125;-11,6875;Jab
332;21:00:56;162,3125;33,6875;-2,5;Jab
333;21:00:57;151,5;27,5625;2,375;Jab
334;21:00:57;144,9375;17,5;-2,375;Jab
335;21:00:57;142,375;10,25;-9,0625;Jab
336;21:00:57;142,0625;4,6875;-11,9375;Jab
337;21:00:57;145,125;-2,125;-11,8125;Jab
338;21:00:57;146,25;-4,75;-10,3125;Jab
339;21:00:57;146,1875;-4,375;-8,0625;Jab
340;21:00:57;148;-6;-5,875;Jab
341;21:00:57;148,0625;-4,5625;-3,0625;Jab
342;21:00:57;147,5625;-3,8125;-2;Jab
343;21:00:58;147,75;-2,875;0,25;Jab
344;21:00:58;147,75;-2,6875;0,625;Jab
345;21:00:58;147,4375;-2,5625;0,75;Jab
346;21:00:58;147,0625;-2,25;1,25;Jab
347;21:00:58;146,625;-1,9375;1,5;Jab
348;21:00:58;146,1875;-1,8125;1,6875;Jab
349;21:00:58;145,875;-1,625;1,9375;Jab
350;21:00:58;145,625;-1,5;2,0625;Jab
351;21:00:58;145,25;-1,375;2,1875;Jab
352;21:00:58;145;-1,3125;2,25;Jab
353;21:00:59;144,6875;-1,25;2,375;Jab
354;21:00:59;144,4375;-1,1875;2,4375;Jab
355;21:00:59;144,25;-1,1875;2,5;Jab
356;21:00:59;143,9375;-1,125;2,5625;Jab
357;21:00:59;143,6875;-1,0625;2,5625;Jab
358;21:00:59;143,4375;-1,0625;2,625;Jab
359;21:00:59;143,1875;-1;2,6875;Jab
360;21:00:59;143,0625;-1;2,6875;Jab
361;21:00:59;142,875;-1;2,6875;Jab
362;21:00:59;142,75;-0,9375;2,75;Jab
363;21:01:00;142,625;-0,9375;2,75;Jab
364;21:01:00;142,5;-0,9375;2,8125;Jab
365;21:01:00;142,375;-0,875;2,8125;Jab
366;21:01:00;142,25;-0,875;2,8125;Jab
367;21:01:00;142,125;-0,875;2,8125;Jab
368;21:01:00;142,125;-0,875;2,8125;Jab
369;21:01:00;142,125;-0,875;2,8125;Jab
370;21:01:00;141,875;-0,875;2,8125;Jab
371;21:01:00;141,75;-0,875;2,8125;Jab
372;21:01:00;141,75;-0,875;2,8125;Jab
373;21:01:01;141,75;-0,875;2,8125;Jab
374;21:01:01;141,75;-0,875;2,8125;Jab
375;21:01:58;0;0;0;Jab
376;21:01:58;0;0;0;Jab
377;21:01:58;0;0;0;Jab
378;21:01:58;0;0;0;Jab
379;21:01:59;0;0;0;Jab
380;21:01:59;0;0;0;Jab
381;21:01:59;73,5625;1,8125;-70;Jab
382;21:01:59;74,125;1,125;-68,9375;Jab
383;21:01:59;74,8125;1,4375;-69,6875;Jab
384;21:01:59;77,3125;0,4375;-69,875;Jab
385;21:01:59;81,0625;-1,5;-71,25;Jab
386;21:01:59;84,4375;-4,1875;-72,4375;Jab
387;21:01:59;86,875;-5;-72,6875;Jab
388;21:01:59;88,5;-6,125;-73,5625;Jab
389;21:02:00;84,875;-5,3125;-73,8125;Jab
390;21:02:00;75,625;-4,4375;-76,8125;Jab
391;21:02:00;67,75;-2,1875;-80;Jab
392;21:02:00;62,9375;1,5625;-80,0625;Jab
393;21:02:00;57;6,0625;-75,5;Jab
394;21:02:00;50,625;11,4375;-68,625;Jab
395;21:02:00;44,5625;17,0625;-60,3125;Jab
396;21:02:00;35,3125;22,75;-49,9375;Jab
397;21:02:00;25,9375;26,0625;-41,375;Jab
398;21:02:00;16,5625;23,9375;-32,8125;Jab
399;21:02:01;8,8125;22,125;-24,8125;Jab
400;21:02:01;4,375;20,0625;-19,6875;Jab
401;21:02:01;0,6875;16,875;-16,375;Jab
402;21:02:01;358,1875;13,5;-14,1875;Jab
403;21:02:01;356;9,5625;-13,6875;Jab
404;21:02:01;354,4375;6,5625;-14,0625;Jab
405;21:02:01;356;1,9375;-13,375;Jab
406;21:02:01;355,5;1,25;-12,625;Jab
407;21:02:01;131,375;0,1875;-13,3125;Jab
408;21:02:01;130,75;-0,125;-11,5625;Jab
409;21:02:02;130,5;0,4375;-7,6875;Jab
410;21:02:02;130,1875;0,8125;-5,375;Jab
411;21:02:02;130,875;1,3125;-2,75;Jab
412;21:02:02;131,1875;2,125;-2,125;Jab
413;21:02:02;131,125;2,5625;-1,25;Jab
414;21:02:02;130,6875;2,25;-0,9375;Jab
415;21:02:02;130,5;1,75;-0,3125;Jab
416;21:02:02;130,0625;1,4375;0,125;Jab
417;21:02:02;129,5625;1,1875;0,4375;Jab
418;21:02:02;129,3125;0,9375;0,6875;Jab
419;21:02:03;128,9375;0,8125;0,875;Jab
420;21:02:03;128,625;0,6875;1;Jab
421;21:02:03;128,625;0,5625;1,125;Jab
422;21:02:03;128,3125;0,5;1,25;Jab
423;21:02:03;128,25;0,4375;1,375;Jab
424;21:02:03;127,9375;0,375;1,4375;Jab
425;21:02:03;127,5;0,3125;1,5;Jab
426;21:02:03;127,125;0,25;1,5625;Jab
427;21:02:03;126,9375;0,25;1,625;Jab
428;21:02:04;126,625;0,1875;1,625;Jab
429;21:02:04;126,625;0,1875;1,6875;Jab
430;21:02:04;126,5625;0,125;1,6875;Jab
431;21:02:04;126,5;0,125;1,75;Jab
432;21:02:04;126,4375;0,0625;1,75;Jab
433;21:02:04;126,375;0,0625;1,8125;Jab
434;21:02:04;126,375;0,0625;1,8125;Jab
435;21:02:04;126,375;0,0625;1,8125;Jab
436;21:02:04;126,375;0,0625;1,8125;Jab
437;21:02:04;126,1875;0,0625;1,8125;Jab
438;21:02:05;126,1875;0,0625;1,8125;Jab
439;21:02:05;126,125;0,0625;1,8125;Jab
440;21:02:05;126,125;0,0625;1,8125;Jab
441;21:02:05;126,125;0,0625;1,8125;Jab
442;21:02:05;126,125;0,0625;1,8125;Jab
443;21:02:05;126,125;0,0625;1,8125;Jab
444;21:02:05;126,125;0,0625;1,8125;Jab
445;21:02:05;126,125;0,0625;1,8125;Jab
446;21:02:05;126,125;0,0625;1,8125;Jab
447;21:02:05;126,125;0,0625;1,8125;Jab
448;21:02:06;126,125;0,0625;1,8125;Jab
449;21:03:19;0;0;0;Jab
450;21:03:19;0;0;0;Jab
451;21:03:19;0;0;0;Jab
452;21:03:19;0;0;0;Jab
453;21:03:19;0;0;0;Jab
454;21:03:19;0;0;0;Jab
455;21:03:19;72,25;2,3125;-67,375;Jab
456;21:03:19;74,625;1,125;-68,6875;Jab
457;21:03:19;77,9375;0,1875;-70,25;Jab
458;21:03:20;80,25;-0,5625;-70,25;Jab
459;21:03:20;82;-0,4375;-69,6875;Jab
460;21:03:20;82;1,1875;-67,375;Jab
461;21:03:20;78,6875;2,8125;-63,375;Jab
462;21:03:20;76,1875;5,6875;-63,75;Jab
463;21:03:20;70,1875;9,4375;-61,5625;Jab
464;21:03:20;62,4375;14;-53,4375;Jab
465;21:03:20;54;21,25;-43;Jab
466;21:03:20;42,3125;29,375;-28,75;Jab
467;21:03:21;22,8125;26,1875;-9,5625;Jab
468;21:03:21;6,625;15,8125;-10,4375;Jab
469;21:03:21;1;9,9375;-14,4375;Jab
470;21:03:21;358,25;4,875;-17,75;Jab
471;21:03:21;358,5625;0,5625;-17,6875;Jab
472;21:03:21;358,625;-2,75;-16,875;Jab
473;21:03:21;358,4375;-4,6875;-16,0625;Jab
474;21:03:21;141;-6,125;-12,5625;Jab
475;21:03:21;141,75;-6,1875;-8,8125;Jab
476;21:03:21;142,75;-6,25;-7,75;Jab
477;21:03:22;142,25;-5,3125;-6,125;Jab
478;21:03:22;142;-4,625;-4,6875;Jab
479;21:03:22;141,75;-2,9375;-5;Jab
480;21:03:22;141,25;-2,625;-4,25;Jab
481;21:03:22;140,875;-2;-2,875;Jab
482;21:03:22;140,4375;-1,8125;-1,5;Jab
483;21:03:22;140;-1,5625;-1;Jab
484;21:03:22;139,4375;-1,3125;-0,625;Jab
485;21:03:22;138,875;-1,1875;-0,375;Jab
486;21:03:22;138,5625;-1,0625;-0,125;Jab
487;21:03:23;138,0625;-1;0;Jab
488;21:03:23;137,5625;-0,9375;0,1875;Jab
489;21:03:23;137,0625;-0,875;0,3125;Jab
490;21:03:23;136,5625;-0,8125;0,375;Jab
491;21:03:23;136,3125;-0,75;0,4375;Jab
492;21:03:23;135,6875;-0,75;0,5625;Jab
493;21:03:23;135,1875;-0,6875;0,5625;Jab
494;21:03:23;134,9375;-0,6875;0,625;Jab
495;21:03:23;134,625;-0,625;0,6875;Jab
496;21:03:23;134,3125;-0,625;0,75;Jab
497;21:03:24;134,0625;-0,625;0,75;Jab
498;21:03:24;133,8125;-0,5625;0,8125;Jab
499;21:03:24;133,625;-0,5625;0,8125;Jab
500;21:03:24;133,5;-0,5625;0,875;Jab
501;21:03:24;133,1875;-0,5625;0,875;Jab
502;21:03:24;132,9375;-0,5;0,875;Jab
503;21:03:24;132,75;-0,5;0,875;Jab
504;21:03:24;132,75;-0,5;0,875;Jab
505;21:03:24;132,6875;-0,5;0,875;Jab
506;21:03:24;132,5625;-0,5;0,875;Jab
507;21:03:25;132,5625;-0,5;0,875;Jab
508;21:03:25;132,5;-0,5;0,875;Jab
509;21:03:25;132,4375;-0,5;0,875;Jab
510;21:03:25;132,4375;-0,5;0,875;Jab
511;21:03:25;132,4375;-0,5;0,875;Jab
512;21:03:25;132,4375;-0,5;0,875;Jab
513;21:03:25;132,4375;-0,5;0,875;Jab
514;21:03:25;132,4375;-0,5;0,875;Jab
515;21:03:25;132,4375;-0,5;0,875;Jab
516;21:03:25;132,4375;-0,5;0,875;Jab
517;21:03:26;132,4375;-0,5;0,875;Jab
518;21:03:26;132,4375;-0,5;0,875;Jab
519;21:03:26;132,4375;-0,5;0,875;Jab
520;21:03:26;132,4375;-0,5;0,875;Jab
521;21:03:26;132,4375;-0,5;0,875;Jab
522;21:04:05;0;0;0;Jab
523;21:04:05;0;0;0;Jab
524;21:04:05;0;0;0;Jab
525;21:04:05;0;0;0;Jab
526;21:04:05;0;0;0;Jab
527;21:04:05;0;0;0;Jab
528;21:04:05;82,8125;5;-71,875;Jab
529;21:04:06;83,75;4,0625;-71,75;Jab
530;21:04:06;85,5;2,875;-73,1875;Jab
531;21:04:06;86,4375;1,625;-73,8125;Jab
532;21:04:06;88,1875;0,875;-75,6875;Jab
533;21:04:06;90,8125;0;-79,1875;Jab
534;21:04:06;92,875;-0,125;-82,625;Jab
535;21:04:06;93;1,4375;-85,3125;Jab
536;21:04:06;92,1875;3,6875;-88,375;Jab
537;21:04:06;88,625;8,5;-90,8125;Jab
538;21:04:06;81,625;14,1875;-92,3125;Jab
539;21:04:07;70,8125;23,125;-89;Jab
540;21:04:07;58;34,125;-81,75;Jab
541;21:04:07;48,4375;46,4375;-64,375;Jab
542;21:04:07;172,5;50,5;-41,25;Jab
543;21:04:07;165,3125;58,375;-20,4375;Jab
544;21:04:07;153,5625;57,375;0,1875;Jab
545;21:04:07;141,75;46,625;5,6875;Jab
546;21:04:07;133,375;34,9375;-4;Jab
547;21:04:07;127,5625;24,25;-13,0625;Jab
548;21:04:07;127,0625;14,9375;-12,4375;Jab
549;21:04:08;126,3125;8,875;-12,0625;Jab
550;21:04:08;126,4375;3,5;-11,625;Jab
551;21:04:08;127,3125;0,9375;-9,5;Jab
552;21:04:08;128,8125;-0,5625;-8,0625;Jab
553;21:04:08;130,0625;-2;-7,5;Jab
554;21:04:08;131,8125;-2,25;-6,9375;Jab
555;21:04:08;132,75;-2,125;-5,9375;Jab
556;21:04:08;133,25;-1,875;-4,0625;Jab
557;21:04:08;133,3125;-1,9375;-2,5625;Jab
558;21:04:09;134;-1,4375;-2,5625;Jab
559;21:04:09;134,5;-0,75;-1,5;Jab
560;21:04:09;134,9375;0;-1,25;Jab
561;21:04:09;134,625;0;-0,5;Jab
562;21:04:09;134,3125;0;0,0625;Jab
563;21:04:09;134,0625;0;0,4375;Jab
564;21:04:09;134,25;0;0,5625;Jab
565;21:04:09;134,6875;0;0,625;Jab
566;21:04:09;135;0,8125;1,8125;Jab
567;21:04:09;135;1,125;0,5;Jab
568;21:04:10;135,1875;1,0625;0,5625;Jab
569;21:04:10;135,25;1;0,5625;Jab
570;21:04:10;135,3125;0,9375;0,625;Jab
571;21:04:10;135,375;0,8125;0,75;Jab
572;21:04:10;135,4375;0,75;0,8125;Jab
573;21:04:10;135,5;0,6875;0,875;Jab
574;21:04:10;135,5;0,625;0,9375;Jab
575;21:04:10;135,5625;0,5625;0,9375;Jab
576;21:04:10;135,625;0,5625;1;Jab
577;21:04:10;135,6875;0,5;1;Jab
578;21:04:11;135,6875;0,4375;1,0625;Jab
579;21:04:11;135,8125;0,4375;1,0625;Jab
580;21:04:11;135,875;0,375;1,125;Jab
581;21:04:11;135,9375;0,375;1,125;Jab
582;21:04:11;135,9375;0,375;1,125;Jab
583;21:04:11;136;0,3125;1,1875;Jab
584;21:04:11;136;0,3125;1,1875;Jab
585;21:04:11;136;0,3125;1,1875;Jab
586;21:04:11;135,9375;0,3125;1,1875;Jab
587;21:04:11;136;0,25;1,25;Jab
588;21:04:12;136;0,25;1,25;Jab
589;21:04:12;136;0,25;1,25;Jab
590;21:04:12;136,125;0,25;1,25;Jab
591;21:04:12;136,0625;0,25;1,25;Jab
592;21:04:12;136,25;0,25;1,25;Jab
593;21:04:12;136,25;0,25;1,25;Jab
594;21:04:12;136,25;0,25;1,25;Jab
595;21:04:12;136,3125;0,25;1,25;Jab
596;21:04:49;0;0;0;Jab
597;21:04:49;0;0;0;Jab
598;21:04:49;0;0;0;Jab
599;21:04:50;0;0;0;Jab
600;21:04:50;0;0;0;Jab
601;21:04:50;0;0;0;Jab
602;21:04:50;74,375;4,3125;-75,4375;Jab
603;21:04:50;73,9375;5,5;-70,9375;Jab
604;21:04:50;73,625;5,875;-67,5625;Jab
605;21:04:50;74,1875;6,125;-68,6875;Jab
606;21:04:50;76,1875;5,75;-70,625;Jab
607;21:04:50;78,0625;4,875;-71,0625;Jab
608;21:04:50;81,4375;3,4375;-71,3125;Jab
609;21:04:51;84,375;2,4375;-71,5625;Jab
610;21:04:51;86,6875;1,9375;-71,25;Jab
611;21:04:51;87,375;2,625;-70,4375;Jab
612;21:04:51;86,4375;3,5;-69,5625;Jab
613;21:04:51;84,1875;5,375;-67,8125;Jab
614;21:04:51;80,9375;7,875;-65,625;Jab
615;21:04:51;75;12,5;-64,375;Jab
616;21:04:51;65,8125;18,9375;-59,875;Jab
617;21:04:51;57,3125;24,0625;-51,25;Jab
618;21:04:51;50,6875;27,3125;-37,125;Jab
619;21:04:52;159;27,375;-34;Jab
620;21:04:52;149,625;30,375;-28,875;Jab
621;21:04:52;137,3125;29,75;-22,3125;Jab
622;21:04:52;121,5625;24,3125;-19,8125;Jab
623;21:04:52;113,6875;20,25;-19,75;Jab
624;21:04:52;112,1875;16;-18,625;Jab
625;21:04:52;110,75;12,1875;-18,5625;Jab
626;21:04:52;110,5;9,5;-18,5625;Jab
627;21:04:52;111,0625;7,375;-16,6875;Jab
628;21:04:52;113,75;6,3125;-15,6875;Jab
629;21:04:53;117,4375;4,3125;-12,8125;Jab
630;21:04:53;120,0625;3,8125;-9,8125;Jab
631;21:04:53;121,6875;4,3125;-6,625;Jab
632;21:04:53;122,5625;5,4375;-4,625;Jab
633;21:04:53;122,1875;7,8125;-4,5;Jab
634;21:04:53;122,75;8,375;-4,25;Jab
635;21:04:53;123,25;6,25;-2,5;Jab
636;21:04:53;123,5625;6,0625;-2,375;Jab
637;21:04:53;123,9375;4,8125;-1,5625;Jab
638;21:04:53;124,3125;3,6875;-0,875;Jab
639;21:04:54;124,625;3;-0,4375;Jab
640;21:04:54;124,875;2,5;-0,125;Jab
641;21:04:54;125;2,125;0,0625;Jab
642;21:04:54;125,125;1,8125;0,25;Jab
643;21:04:54;125,1875;1,5625;0,375;Jab
644;21:04:54;125,4375;1,4375;0,5;Jab
645;21:04:54;125,6875;1,25;0,5625;Jab
646;21:04:54;125,8125;1,125;0,625;Jab
647;21:04:54;126,1875;1,0625;0,6875;Jab
648;21:04:54;126,5;0,9375;0,75;Jab
649;21:04:55;126,6875;0,875;0,75;Jab
650;21:04:55;126,8125;0,8125;0,8125;Jab
651;21:04:55;127,0625;0,75;0,875;Jab
652;21:04:55;127,125;0,6875;0,875;Jab
653;21:04:55;127,25;0,6875;0,9375;Jab
654;21:04:55;127,1875;0,625;0,9375;Jab
655;21:04:55;127,1875;0,5625;0,9375;Jab
656;21:04:55;127,1875;0,5625;1;Jab
657;21:04:55;127,3125;0,5;1;Jab
658;21:04:55;127,5625;0,5;1;Jab
659;21:04:56;127,625;0,4375;1;Jab
660;21:04:56;127,625;0,4375;1,0625;Jab
661;21:04:56;127,75;0,375;1,0625;Jab
662;21:04:56;127,875;0,375;1,0625;Jab
663;21:04:56;128;0,375;1,0625;Jab
664;21:04:56;128;0,375;1,0625;Jab
665;21:04:56;128;0,375;1,0625;Jab
666;21:06:59;0;0;0;Jab
667;21:06:59;0;0;0;Jab
668;21:06:59;0;0;0;Jab
669;21:06:59;0;0;0;Jab
670;21:06:59;0;0;0;Jab
671;21:06:59;0;0;0;Jab
672;21:06:59;82,125;2,75;-74,0625;Jab
673;21:06:59;82;3,875;-70,9375;Jab
674;21:07:00;82;4,1875;-68,9375;Jab
675;21:07:00;81,8125;4,625;-66,9375;Jab
676;21:07:00;81,625;5,125;-65,375;Jab
677;21:07:00;81,0625;5,3125;-64,1875;Jab
678;21:07:00;250,0625;4,5625;-63,5;Jab
679;21:07:00;251,25;4,5;-62,5;Jab
680;21:07:00;254,0625;4;-63,375;Jab
681;21:07:00;256,0625;4,0625;-64,0625;Jab
682;21:07:00;257,5625;4;-64,1875;Jab
683;21:07:01;258,3125;4,125;-63,5625;Jab
684;21:07:01;258,375;5,375;-63,3125;Jab
685;21:07:01;258,375;7;-64,6875;Jab
686;21:07:01;258,75;8,1875;-66,8125;Jab
687;21:07:01;259,25;8,125;-70,375;Jab
688;21:07:01;258,125;9,8125;-73,6875;Jab
689;21:07:01;254,4375;12,9375;-76,6875;Jab
690;21:07:01;248,9375;17,6875;-77,875;Jab
691;21:07:01;242;27,8125;-72,375;Jab
692;21:07:01;235,25;42,375;-61,9375;Jab
693;21:07:02;225;55,5625;-37,125;Jab
694;21:07:02;213,8125;57,4375;-2,375;Jab
695;21:07:02;197,875;53,3125;22,5625;Jab
696;21:07:02;177,3125;42,0625;29,8125;Jab
697;21:07:02;165,0625;31,9375;18;Jab
698;21:07:02;157,125;24,1875;-4,125;Jab
699;21:07:02;154,1875;16,875;-16;Jab
700;21:07:02;154,5;11,9375;-20,875;Jab
701;21:07:02;156,9375;10,25;-19,625;Jab
702;21:07:02;157,625;6,875;-21,75;Jab
703;21:07:03;158,875;3,4375;-23,1875;Jab
704;21:07:03;159,0625;1,375;-22,375;Jab
705;21:07:03;159,0625;0,25;-21,125;Jab
706;21:07:03;160;-0,375;-22,4375;Jab
707;21:07:03;158,1875;-1,25;-20,25;Jab
708;21:07:03;156,8125;-1;-15,875;Jab
709;21:07:03;155,625;-0,25;-10,75;Jab
710;21:07:03;155,3125;0,1875;-5,8125;Jab
711;21:07:03;154,5;0,8125;-3;Jab
712;21:07:03;153,375;0,8125;-1,75;Jab
713;21:07:04;152,3125;0,5625;-0,8125;Jab
714;21:07:04;151,3125;0,5;-0,5625;Jab
715;21:07:04;150,375;0,5;-0,8125;Jab
716;21:07:04;149,5625;0,4375;-0,625;Jab
717;21:07:04;149;0,375;-0,375;Jab
718;21:07:04;148,375;0,3125;-0,25;Jab
719;21:07:04;147,8125;0,25;-0,0625;Jab
720;21:07:04;147,3125;0,25;0;Jab
721;21:07:04;146,625;0,1875;0,125;Jab
722;21:07:04;146,125;0,125;0,1875;Jab
723;21:07:05;145,625;0,125;0,25;Jab
724;21:07:05;145,125;0,125;0,3125;Jab
725;21:07:05;144,75;0,0625;0,375;Jab
726;21:07:05;144,125;0,0625;0,4375;Jab
727;21:07:05;144;0,0625;0,5;Jab
728;21:07:05;143,8125;0;0,5625;Jab
729;21:07:05;143,5;0;0,5625;Jab
730;21:07:05;143,375;0;0,625;Jab
731;21:07:05;143;0;0,6875;Jab
732;21:07:05;142,9375;0;0,6875;Jab
733;21:07:06;142,6875;0;0,75;Jab
734;21:07:06;142,625;0;0,75;Jab
735;21:07:06;142,4375;0;0,75;Jab
736;21:07:06;142,375;0;0,75;Jab
737;21:07:06;142,375;0;0,75;Jab
738;21:07:06;142,3125;0;0,75;Jab
739;21:07:06;142,25;0;0,75;Jab
740;21:07:06;142,25;0;0,75;Jab
741;21:07:06;142,25;0;0,75;Jab
742;21:07:06;142,1875;0;0,75;Jab
743;21:07:07;142,125;0;0,75;Jab
744;21:07:07;142,0625;0;0,75;Jab
745;21:07:07;142;0;0,75;Jab
746;21:07:07;142;0;0,75;Jab
747;21:07:07;142;0;0,75;Jab
748;21:07:07;142;0;0,75;Jab
749;21:07:07;142;0;0,75;Jab
750;21:10:50;0;0;0;Uppercut (gancho)
751;21:10:50;0;0;0;Uppercut (gancho)
752;21:10:50;0;0;0;Uppercut (gancho)
753;21:10:50;0;0;0;Uppercut (gancho)
754;21:10:50;0;0;0;Uppercut (gancho)
755;21:10:50;0;0;0;Uppercut (gancho)
756;21:10:51;124,25;71,0625;46,375;Uppercut (gancho)
757;21:10:51;127,1875;70,875;35,9375;Uppercut (gancho)
758;21:10:51;128,875;70,75;30,125;Uppercut (gancho)
759;21:10:51;131,9375;70,4375;16,9375;Uppercut (gancho)
760;21:10:51;132,375;70,25;14,1875;Uppercut (gancho)
761;21:10:51;132,9375;70,0625;8,8125;Uppercut (gancho)
762;21:10:51;133,375;70,4375;4,375;Uppercut (gancho)
763;21:10:51;132,75;71,5;4,5625;Uppercut (gancho)
764;21:10:51;131,75;72,75;5,75;Uppercut (gancho)
765;21:10:51;126,3125;73;17,5;Uppercut (gancho)
766;21:10:52;116,625;70,6875;34,875;Uppercut (gancho)
767;21:10:52;102;63,1875;45,375;Uppercut (gancho)
768;21:10:52;269,0625;54,25;50,9375;Uppercut (gancho)
769;21:10:52;253,25;45,375;53,75;Uppercut (gancho)
770;21:10:52;235,375;34,9375;48,1875;Uppercut (gancho)
771;21:10:52;214,3125;22,5625;35,25;Uppercut (gancho)
772;21:10:52;195,25;12,8125;17;Uppercut (gancho)
773;21:10:52;180,625;7,5625;2;Uppercut (gancho)
774;21:10:52;167,375;7,6875;-8,4375;Uppercut (gancho)
775;21:10:52;160;7,0625;-13,125;Uppercut (gancho)
776;21:10:53;155,875;4,625;-16,8125;Uppercut (gancho)
777;21:10:53;153,3125;1,25;-19,4375;Uppercut (gancho)
778;21:10:53;152,125;-2,0625;-22,6875;Uppercut (gancho)
779;21:10:53;151,4375;-3,4375;-23,3125;Uppercut (gancho)
780;21:10:53;151,9375;-5,4375;-22,125;Uppercut (gancho)
781;21:10:53;152,3125;-6,0625;-21,1875;Uppercut (gancho)
782;21:10:53;154,25;-6,6875;-19,625;Uppercut (gancho)
783;21:10:53;153,8125;-6,5625;-17,125;Uppercut (gancho)
784;21:10:53;152,625;-5,8125;-12,75;Uppercut (gancho)
785;21:10:53;153;-5;-8,25;Uppercut (gancho)
786;21:10:54;153,625;-4,3125;-4,6875;Uppercut (gancho)
787;21:10:54;153,25;-3,4375;-3,6875;Uppercut (gancho)
788;21:10:54;152,3125;-3,25;-3,3125;Uppercut (gancho)
789;21:10:54;152,1875;-2,8125;-2,625;Uppercut (gancho)
790;21:10:54;152;-2,125;-1,6875;Uppercut (gancho)
791;21:10:54;151,5625;-1,75;-1,1875;Uppercut (gancho)
792;21:10:54;151,1875;-1,5;-0,8125;Uppercut (gancho)
793;21:10:54;150,6875;-1,375;-0,5625;Uppercut (gancho)
794;21:10:54;150,5625;-1,1875;-0,375;Uppercut (gancho)
795;21:10:55;150,25;-1,0625;-0,1875;Uppercut (gancho)
796;21:10:55;150;-1;-0,0625;Uppercut (gancho)
797;21:10:55;150;-0,9375;0;Uppercut (gancho)
798;21:10:55;149,625;-0,8125;0,0625;Uppercut (gancho)
799;21:10:55;149,375;-0,8125;0,125;Uppercut (gancho)
800;21:10:55;149,25;-0,75;0,1875;Uppercut (gancho)
801;21:10:55;149,125;-0,6875;0,25;Uppercut (gancho)
802;21:10:55;148,9375;-0,625;0,3125;Uppercut (gancho)
803;21:10:55;148,75;-0,625;0,375;Uppercut (gancho)
804;21:10:55;148,5625;-0,5625;0,375;Uppercut (gancho)
805;21:10:56;148,5;-0,5625;0,4375;Uppercut (gancho)
806;21:10:56;148,3125;-0,5625;0,4375;Uppercut (gancho)
807;21:10:56;148,25;-0,5;0,5;Uppercut (gancho)
808;21:10:56;148,1875;-0,5;0,5;Uppercut (gancho)
809;21:10:56;148,0625;-0,5;0,5;Uppercut (gancho)
810;21:10:56;148,0625;-0,4375;0,5625;Uppercut (gancho)
811;21:10:56;148;-0,4375;0,5625;Uppercut (gancho)
812;21:10:56;148;-0,4375;0,5625;Uppercut (gancho)
813;21:10:56;147,9375;-0,4375;0,5625;Uppercut (gancho)
814;21:10:56;147,9375;-0,4375;0,5625;Uppercut (gancho)
815;21:10:57;147,9375;-0,4375;0,5625;Uppercut (gancho)
816;21:10:57;147,9375;-0,4375;0,5625;Uppercut (gancho)
817;21:10:57;147,9375;-0,4375;0,5625;Uppercut (gancho)
818;21:10:57;147,9375;-0,4375;0,5625;Uppercut (gancho)
819;21:10:57;147,9375;-0,4375;0,5625;Uppercut (gancho)
820;21:10:57;147,9375;-0,4375;0,5625;Uppercut (gancho)
821;21:10:57;147,9375;-0,4375;0,5625;Uppercut (gancho)
822;21:10:57;147,9375;-0,4375;0,5625;Uppercut (gancho)
823;21:11:51;0;0;0;Uppercut (gancho)
824;21:11:51;0;0;0;Uppercut (gancho)
825;21:11:51;0;0;0;Uppercut (gancho)
826;21:11:51;0;0;0;Uppercut (gancho)
827;21:11:51;0;0;0;Uppercut (gancho)
828;21:11:51;0;0;0;Uppercut (gancho)
829;21:11:51;153,875;83,375;4,9375;Uppercut (gancho)
830;21:11:51;149,375;82,125;61,0625;Uppercut (gancho)
831;21:11:51;140,4375;76,5625;70,875;Uppercut (gancho)
832;21:11:51;127,125;65,75;69,5;Uppercut (gancho)
833;21:11:52;108,8125;48,25;64,9375;Uppercut (gancho)
834;21:11:52;90,625;25,5625;58,125;Uppercut (gancho)
835;21:11:52;75,125;4,8125;51,6875;Uppercut (gancho)
836;21:11:52;59,25;-13;41,375;Uppercut (gancho)
837;21:11:52;43,25;-27,375;17,4375;Uppercut (gancho)
838;21:11:52;30,625;-30,75;-6,875;Uppercut (gancho)
839;21:11:52;198;-24,875;-21,8125;Uppercut (gancho)
840;21:11:52;192,4375;-15,875;-30,4375;Uppercut (gancho)
841;21:11:52;185,75;-5,1875;-30,6875;Uppercut (gancho)
842;21:11:53;179,9375;-3,0625;-26,875;Uppercut (gancho)
843;21:11:53;173;-3,875;-22,5625;Uppercut (gancho)
844;21:11:53;168,5625;-7,625;-18,3125;Uppercut (gancho)
845;21:11:53;166,0625;-10,0625;-15,75;Uppercut (gancho)
846;21:11:53;165,3125;-12,375;-17,1875;Uppercut (gancho)
847;21:11:53;165;-12,1875;-17,3125;Uppercut (gancho)
848;21:11:53;165;-13,6875;-15,0625;Uppercut (gancho)
849;21:11:53;165,125;-15,8125;-10,5;Uppercut (gancho)
850;21:11:53;163,5;-15,625;-7,25;Uppercut (gancho)
851;21:11:53;162,25;-14,0625;-4;Uppercut (gancho)
852;21:11:54;161,75;-12,8125;-0,625;Uppercut (gancho)
853;21:11:54;161,25;-11,125;2,375;Uppercut (gancho)
854;21:11:54;160,25;-11;1,8125;Uppercut (gancho)
855;21:11:54;159,875;-10,8125;1,125;Uppercut (gancho)
856;21:11:54;159,3125;-9,3125;1,125;Uppercut (gancho)
857;21:11:54;158,875;-6,9375;1,25;Uppercut (gancho)
858;21:11:54;158,0625;-5,125;1,375;Uppercut (gancho)
859;21:11:54;157,0625;-4,0625;1,375;Uppercut (gancho)
860;21:11:54;156,1875;-3,3125;1,375;Uppercut (gancho)
861;21:11:54;155,3125;-2,8125;1,4375;Uppercut (gancho)
862;21:11:55;154,5;-2,4375;1,4375;Uppercut (gancho)
863;21:11:55;153,5625;-2,125;1,4375;Uppercut (gancho)
864;21:11:55;152,75;-1,9375;1,4375;Uppercut (gancho)
865;21:11:55;151,875;-1,75;1,4375;Uppercut (gancho)
866;21:11:55;151,125;-1,625;1,4375;Uppercut (gancho)
867;21:11:55;150,5;-1,5;1,4375;Uppercut (gancho)
868;21:11:55;150;-1,375;1,4375;Uppercut (gancho)
869;21:11:55;149,3125;-1,3125;1,4375;Uppercut (gancho)
870;21:11:55;148,875;-1,25;1,4375;Uppercut (gancho)
871;21:11:55;148,4375;-1,1875;1,5;Uppercut (gancho)
872;21:11:56;148,0625;-1,125;1,5;Uppercut (gancho)
873;21:11:56;147,8125;-1,0625;1,5;Uppercut (gancho)
874;21:11:56;147,375;-1;1,5;Uppercut (gancho)
875;21:11:56;147,1875;-0,9375;1,5;Uppercut (gancho)
876;21:11:56;146,875;-0,9375;1,5;Uppercut (gancho)
877;21:11:56;146,5;-0,875;1,5;Uppercut (gancho)
878;21:11:56;146,3125;-0,875;1,5;Uppercut (gancho)
879;21:12:20;0;0;0;Uppercut (gancho)
880;21:12:20;0;0;0;Uppercut (gancho)
881;21:12:20;0;0;0;Uppercut (gancho)
882;21:12:20;0;0;0;Uppercut (gancho)
883;21:12:21;0;0;0;Uppercut (gancho)
884;21:12:21;0;0;0;Uppercut (gancho)
885;21:12:21;158,6875;74,5;37,5625;Uppercut (gancho)
886;21:12:21;153,625;75,75;41,6875;Uppercut (gancho)
887;21:12:21;140,3125;76,625;58,0625;Uppercut (gancho)
888;21:12:21;118,3125;71,875;68,25;Uppercut (gancho)
889;21:12:21;96,6875;65,5625;61,5625;Uppercut (gancho)
890;21:12:21;71,125;57,3125;39,9375;Uppercut (gancho)
891;21:12:21;53,125;48,0625;18,0625;Uppercut (gancho)
892;21:12:21;39,125;36,5625;-3,9375;Uppercut (gancho)
893;21:12:22;27,4375;25,25;-27,125;Uppercut (gancho)
894;21:12:22;185,3125;19,4375;-40,75;Uppercut (gancho)
895;21:12:22;179,875;15,4375;-53;Uppercut (gancho)
896;21:12:22;175,9375;12,9375;-60,5;Uppercut (gancho)
897;21:12:22;172,8125;10,0625;-63,125;Uppercut (gancho)
898;21:12:22;169,625;8,25;-58,1875;Uppercut (gancho)
899;21:12:22;166,125;6,1875;-50,5;Uppercut (gancho)
900;21:12:22;163,1875;3,375;-43,375;Uppercut (gancho)
901;21:12:22;160,6875;0,3125;-36,125;Uppercut (gancho)
902;21:12:23;158,875;-2,25;-30,4375;Uppercut (gancho)
903;21:12:23;157,0625;-5,125;-25,25;Uppercut (gancho)
904;21:12:23;156,125;-7,625;-21,5625;Uppercut (gancho)
905;21:12:23;156;-8,625;-16,75;Uppercut (gancho)
906;21:12:23;156,6875;-8,4375;-13,875;Uppercut (gancho)
907;21:12:23;157,9375;-8;-8,375;Uppercut (gancho)
908;21:12:23;157,75;-7,875;-6,5625;Uppercut (gancho)
909;21:12:23;156;-6,4375;-3,8125;Uppercut (gancho)
910;21:12:23;153,875;-5,1875;-3,5;Uppercut (gancho)
911;21:12:23;152,8125;-4,625;-3,5625;Uppercut (gancho)
912;21:12:24;152,8125;-4,1875;-2,1875;Uppercut (gancho)
913;21:12:24;152,5;-3,5;-0,625;Uppercut (gancho)
914;21:12:24;152;-3,125;-0,1875;Uppercut (gancho)
915;21:12:24;151,25;-2,75;1,0625;Uppercut (gancho)
916;21:12:24;150,9375;-2,375;1,375;Uppercut (gancho)
917;21:12:24;150,4375;-2,125;1,625;Uppercut (gancho)
918;21:12:24;150,0625;-1,9375;1,8125;Uppercut (gancho)
919;21:12:24;149,5625;-1,75;2;Uppercut (gancho)
920;21:12:24;149;-1,625;2,125;Uppercut (gancho)
921;21:12:24;148,5;-1,5625;2,1875;Uppercut (gancho)
922;21:12:25;148,25;-1,4375;2,25;Uppercut (gancho)
923;21:12:25;147,9375;-1,375;2,3125;Uppercut (gancho)
924;21:12:25;147,625;-1,3125;2,4375;Uppercut (gancho)
925;21:12:25;147,25;-1,25;2,4375;Uppercut (gancho)
926;21:12:25;147;-1,1875;2,5;Uppercut (gancho)
927;21:12:25;146,8125;-1,125;2,5;Uppercut (gancho)
928;21:12:25;146,625;-1,125;2,5625;Uppercut (gancho)
929;21:12:25;146,625;-1,0625;2,5625;Uppercut (gancho)
930;21:12:25;146,25;-1,0625;2,625;Uppercut (gancho)
931;21:12:25;146,25;-1;2,625;Uppercut (gancho)
932;21:12:26;146,125;-1;2,6875;Uppercut (gancho)
933;21:12:26;145,9375;-0,9375;2,6875;Uppercut (gancho)
934;21:12:26;145,75;-0,9375;2,6875;Uppercut (gancho)
935;21:12:26;145,375;-0,9375;2,6875;Uppercut (gancho)
936;21:12:26;145,3125;-0,875;2,75;Uppercut (gancho)
937;21:12:26;145,25;-0,875;2,75;Uppercut (gancho)
938;21:12:26;145,1875;-0,875;2,75;Uppercut (gancho)
939;21:12:26;145,1875;-0,875;2,75;Uppercut (gancho)
940;21:12:26;145,1875;-0,875;2,75;Uppercut (gancho)
941;21:12:26;145,1875;-0,875;2,75;Uppercut (gancho)
942;21:12:27;145,1875;-0,875;2,75;Uppercut (gancho)
943;21:12:27;145,1875;-0,875;2,75;Uppercut (gancho)
944;21:13:02;0;0;0;Uppercut (gancho)
945;21:13:03;0;0;0;Uppercut (gancho)
946;21:13:03;0;0;0;Uppercut (gancho)
947;21:13:03;0;0;0;Uppercut (gancho)
948;21:13:03;0;0;0;Uppercut (gancho)
949;21:13:03;0;0;0;Uppercut (gancho)
950;21:13:03;318,6875;81,0625;39,625;Uppercut (gancho)
951;21:13:03;318,125;80,8125;40,875;Uppercut (gancho)
952;21:13:03;316,625;80,25;41,75;Uppercut (gancho)
953;21:13:03;311,3125;78,875;45,8125;Uppercut (gancho)
954;21:13:04;300,8125;78,375;50,625;Uppercut (gancho)
955;21:13:04;287;77,125;51,875;Uppercut (gancho)
956;21:13:04;263,0625;72;49,3125;Uppercut (gancho)
957;21:13:04;237,1875;64,25;38,75;Uppercut (gancho)
958;21:13:04;215,5625;55,9375;26,75;Uppercut (gancho)
959;21:13:04;201,5625;48,875;11,875;Uppercut (gancho)
960;21:13:04;189,0625;40,75;-2,875;Uppercut (gancho)
961;21:13:04;181,0625;34,0625;-15,6875;Uppercut (gancho)
962;21:13:04;173,125;29;-28,8125;Uppercut (gancho)
963;21:13:04;168;25,125;-39,6875;Uppercut (gancho)
964;21:13:05;164,5625;23,25;-44,8125;Uppercut (gancho)
965;21:13:05;160,8125;22,4375;-46,8125;Uppercut (gancho)
966;21:13:05;157,375;22,25;-43,5;Uppercut (gancho)
967;21:13:05;154,375;20,5;-37;Uppercut (gancho)
968;21:13:05;149,625;17,1875;-28,5;Uppercut (gancho)
969;21:13:05;146,875;11,625;-21,1875;Uppercut (gancho)
970;21:13:05;145,9375;4,25;-18,0625;Uppercut (gancho)
971;21:13:05;146,0625;2,8125;-12,25;Uppercut (gancho)
972;21:13:05;145,25;1,375;-10,625;Uppercut (gancho)
973;21:13:05;145,875;-1,1875;-8;Uppercut (gancho)
974;21:13:06;146,875;-4,1875;-7,6875;Uppercut (gancho)
975;21:13:06;146,375;-5,375;-10,3125;Uppercut (gancho)
976;21:13:06;146;-4,8125;-10,6875;Uppercut (gancho)
977;21:13:06;145,375;-4,25;-7,375;Uppercut (gancho)
978;21:13:06;144,6875;-1,875;-1,75;Uppercut (gancho)
979;21:13:06;145,5;-1,875;-1,8125;Uppercut (gancho)
980;21:13:06;147,0625;-1,5625;-0,625;Uppercut (gancho)
981;21:13:06;148,125;-1,125;0,0625;Uppercut (gancho)
982;21:13:06;147,75;-1,125;0,4375;Uppercut (gancho)
983;21:13:06;147,6875;-0,9375;1,375;Uppercut (gancho)
984;21:13:07;147,5;-0,875;1,8125;Uppercut (gancho)
985;21:13:07;147,375;-0,8125;2,25;Uppercut (gancho)
986;21:13:07;147,125;-0,75;2,5;Uppercut (gancho)
987;21:13:07;146,9375;-0,75;2,6875;Uppercut (gancho)
988;21:13:07;146,8125;-0,6875;2,875;Uppercut (gancho)
989;21:13:07;146,625;-0,6875;3;Uppercut (gancho)
990;21:13:07;146,5;-0,6875;3,125;Uppercut (gancho)
991;21:13:07;146,3125;-0,625;3,25;Uppercut (gancho)
992;21:13:07;146,125;-0,625;3,375;Uppercut (gancho)
993;21:13:07;146,0625;-0,625;3,375;Uppercut (gancho)
994;21:13:08;145,9375;-0,625;3,5;Uppercut (gancho)
995;21:13:08;145,8125;-0,625;3,5;Uppercut (gancho)
996;21:13:55;0;0;0;Uppercut (gancho)
997;21:13:55;0;0;0;Uppercut (gancho)
998;21:13:55;0;0;0;Uppercut (gancho)
999;21:13:55;0;0;0;Uppercut (gancho)
1000;21:13:55;0;0;0;Uppercut (gancho)
1001;21:13:55;0;0;0;Uppercut (gancho)
1002;21:13:56;62,75;58,6875;-6,0625;Uppercut (gancho)
1003;21:13:56;70,8125;58,8125;-3,9375;Uppercut (gancho)
1004;21:13:56;78;56,4375;-1,125;Uppercut (gancho)
1005;21:13:56;81,3125;56,9375;-1,4375;Uppercut (gancho)
1006;21:13:56;84,125;58,4375;-3,75;Uppercut (gancho)
1007;21:13:56;82,6875;58,8125;-3,1875;Uppercut (gancho)
1008;21:13:56;271,1875;58,6875;-2,75;Uppercut (gancho)
1009;21:13:56;270,875;58,6875;-2,0625;Uppercut (gancho)
1010;21:13:56;269,5;60,8125;0;Uppercut (gancho)
1011;21:13:56;266,3125;60,8125;3,625;Uppercut (gancho)
1012;21:13:57;262,6875;63,75;9,1875;Uppercut (gancho)
1013;21:13:57;254,25;64,125;15,125;Uppercut (gancho)
1014;21:13:57;239,3125;60,0625;19,375;Uppercut (gancho)
1015;21:13:57;221,6875;53,4375;18,0625;Uppercut (gancho)
1016;21:13:57;199,6875;43,1875;7,75;Uppercut (gancho)
1017;21:13:57;179,375;33,25;-4,125;Uppercut (gancho)
1018;21:13:57;158,8125;25,5625;-20,625;Uppercut (gancho)
1019;21:13:57;142,0625;21,8125;-38,25;Uppercut (gancho)
1020;21:13:57;127,4375;22,0625;-55,125;Uppercut (gancho)
1021;21:13:58;118,0625;24,25;-64,6875;Uppercut (gancho)
1022;21:13:58;110,3125;27,0625;-66,9375;Uppercut (gancho)
1023;21:13:58;103,6875;29;-65,9375;Uppercut (gancho)
1024;21:13:58;98,5625;31,875;-59,8125;Uppercut (gancho)
1025;21:13:58;97,4375;33,5;-51,375;Uppercut (gancho)
1026;21:13:58;98,6875;32,0625;-39,5625;Uppercut (gancho)
1027;21:13:58;102;27;-31,375;Uppercut (gancho)
1028;21:13:58;105,8125;22,5;-25,8125;Uppercut (gancho)
1029;21:13:58;109,3125;19,8125;-22,125;Uppercut (gancho)
1030;21:13:58;113,5;17,3125;-20,1875;Uppercut (gancho)
1031;21:13:59;117,8125;14,75;-20,75;Uppercut (gancho)
1032;21:13:59;121,5625;12,3125;-24,0625;Uppercut (gancho)
1033;21:13:59;123,5625;11,6875;-22,625;Uppercut (gancho)
1034;21:13:59;125,75;9,0625;-21,375;Uppercut (gancho)
1035;21:13:59;128,625;7,1875;-20,3125;Uppercut (gancho)
1036;21:13:59;129,875;7,0625;-19,8125;Uppercut (gancho)
1037;21:13:59;130,625;7,4375;-13,4375;Uppercut (gancho)
1038;21:13:59;132,25;8,4375;-7,375;Uppercut (gancho)
1039;21:13:59;134,125;9;0,6875;Uppercut (gancho)
1040;21:13:59;135;8;0,8125;Uppercut (gancho)
1041;21:14:00;136,0625;5,875;0,875;Uppercut (gancho)
1042;21:14:00;137,3125;4,3125;0,875;Uppercut (gancho)
1043;21:14:00;138,0625;3,375;0,875;Uppercut (gancho)
1044;21:14:00;138,8125;2,75;0,875;Uppercut (gancho)
1045;21:14:00;139,5;2,3125;0,9375;Uppercut (gancho)
1046;21:14:00;140,375;2;0,9375;Uppercut (gancho)
1047;21:14:00;141,1875;1,75;0,9375;Uppercut (gancho)
1048;21:14:00;141,9375;1,5625;0,9375;Uppercut (gancho)
1049;21:14:00;142,625;1,4375;0,9375;Uppercut (gancho)
1050;21:14:00;143,25;1,3125;0,9375;Uppercut (gancho)
1051;21:14:01;143,875;1,1875;0,9375;Uppercut (gancho)
1052;21:14:01;144,4375;1,125;0,9375;Uppercut (gancho)
1053;21:14:01;145,0625;1,0625;0,9375;Uppercut (gancho)
1054;21:14:01;145,5625;1;0,9375;Uppercut (gancho)
1055;21:14:01;145,9375;0,9375;0,9375;Uppercut (gancho)
1056;21:14:01;146,5;0,875;0,9375;Uppercut (gancho)
1057;21:14:01;146,8125;0,8125;0,875;Uppercut (gancho)
1058;21:14:01;147,1875;0,8125;0,9375;Uppercut (gancho)
1059;21:14:01;147,5;0,75;0,875;Uppercut (gancho)
1060;21:14:01;147,5625;0,75;0,875;Uppercut (gancho)
1061;21:14:02;147,625;0,75;0,875;Uppercut (gancho)
1062;21:14:02;147,8125;0,75;0,875;Uppercut (gancho)
1063;21:14:02;148;0,75;0,875;Uppercut (gancho)
1064;21:14:02;148,125;0,75;0,875;Uppercut (gancho)
1065;21:14:27;0;0;0;Uppercut (gancho)
1066;21:14:27;0;0;0;Uppercut (gancho)
1067;21:14:27;0;0;0;Uppercut (gancho)
1068;21:14:27;0;0;0;Uppercut (gancho)
1069;21:14:28;0;0;0;Uppercut (gancho)
1070;21:14:28;0;0;0;Uppercut (gancho)
1071;21:14:28;149,5;81,25;40,9375;Uppercut (gancho)
1072;21:14:28;148,8125;81,25;43;Uppercut (gancho)
1073;21:14:28;147,5625;81,375;42,625;Uppercut (gancho)
1074;21:14:28;146,4375;83,8125;4,8125;Uppercut (gancho)
1075;21:14:28;142,5;86,125;176,25;Uppercut (gancho)
1076;21:14:28;132,6875;80,625;154,8125;Uppercut (gancho)
1077;21:14:28;96,875;71,375;118,1875;Uppercut (gancho)
1078;21:14:29;65,5625;61,25;74,125;Uppercut (gancho)
1079;21:14:29;48,9375;48,5625;48,4375;Uppercut (gancho)
1080;21:14:29;242,125;34,625;37,4375;Uppercut (gancho)
1081;21:14:29;236,25;21,5;29,25;Uppercut (gancho)
1082;21:14:29;232,625;7,9375;21,375;Uppercut (gancho)
1083;21:14:29;232,875;-8,25;12,25;Uppercut (gancho)
1084;21:14:29;232,625;-23,75;2,75;Uppercut (gancho)
1085;21:14:29;227,375;-39,25;-19,75;Uppercut (gancho)
1086;21:14:29;218,4375;-40,6875;-51,6875;Uppercut (gancho)
1087;21:14:29;208,1875;-28,125;-62,875;Uppercut (gancho)
1088;21:14:30;200,375;-14,375;-67,25;Uppercut (gancho)
1089;21:14:30;191,4375;-4,0625;-57,9375;Uppercut (gancho)
1090;21:14:30;182,5;2;-43,0625;Uppercut (gancho)
1091;21:14:30;175,8125;0,25;-32,25;Uppercut (gancho)
1092;21:14:30;172,8125;-3,1875;-24;Uppercut (gancho)
1093;21:14:30;172,9375;-9,9375;-21,4375;Uppercut (gancho)
1094;21:14:30;174,3125;-14,375;-18,8125;Uppercut (gancho)
1095;21:14:30;172,9375;-17,75;-16,375;Uppercut (gancho)
1096;21:14:30;172,5625;-19,6875;-11,1875;Uppercut (gancho)
1097;21:14:30;172,0625;-19,5;-8,5625;Uppercut (gancho)
1098;21:14:31;171;-18,5;-5,9375;Uppercut (gancho)
1099;21:14:31;169,3125;-17,875;-2,125;Uppercut (gancho)
1100;21:14:31;168;-15,75;-0,375;Uppercut (gancho)
1101;21:14:31;167,0625;-14,125;1,375;Uppercut (gancho)
1102;21:14:31;165,9375;-12,25;2,125;Uppercut (gancho)
1103;21:14:31;165;-11,8125;2,1875;Uppercut (gancho)
1104;21:14:31;163,9375;-10,1875;1,9375;Uppercut (gancho)
1105;21:14:31;163,0625;-8,75;1,875;Uppercut (gancho)
1106;21:14:31;162,25;-6,5;1,625;Uppercut (gancho)
1107;21:14:31;161,1875;-4,8125;1,5625;Uppercut (gancho)
1108;21:14:32;160,125;-3,8125;1,4375;Uppercut (gancho)
1109;21:14:32;158,9375;-3,125;1,375;Uppercut (gancho)
1110;21:14:32;157,75;-2,625;1,375;Uppercut (gancho)
1111;21:14:32;156,6875;-2,3125;1,3125;Uppercut (gancho)
1112;21:14:32;155,8125;-2;1,3125;Uppercut (gancho)
1113;21:14:32;154,875;-1,8125;1,3125;Uppercut (gancho)
1114;21:14:32;153,875;-1,625;1,25;Uppercut (gancho)
1115;21:14:32;152,9375;-1,5;1,25;Uppercut (gancho)
1116;21:14:32;152,25;-1,375;1,25;Uppercut (gancho)
1117;21:14:32;151,375;-1,25;1,25;Uppercut (gancho)
1118;21:14:33;150,625;-1,1875;1,1875;Uppercut (gancho)
1119;21:14:33;150,0625;-1,125;1,1875;Uppercut (gancho)
1120;21:14:33;149,4375;-1;1,1875;Uppercut (gancho)
1121;21:14:33;149,125;-0,9375;1,1875;Uppercut (gancho)
1122;21:14:33;148,6875;-0,9375;1,1875;Uppercut (gancho)
1123;21:14:33;148,25;-0,875;1,1875;Uppercut (gancho)
1124;21:14:33;147,75;-0,8125;1,1875;Uppercut (gancho)
1125;21:14:33;147,1875;-0,75;1,125;Uppercut (gancho)
1126;21:14:33;146,875;-0,75;1,125;Uppercut (gancho)
1127;21:14:33;146,4375;-0,75;1,125;Uppercut (gancho)
1128;21:14:34;146,0625;-0,75;1,125;Uppercut (gancho)
1129;21:14:34;145,75;-0,75;1,125;Uppercut (gancho)
1130;21:14:34;145,4375;-0,75;1,125;Uppercut (gancho)
1131;21:14:34;145,3125;-0,75;1,125;Uppercut (gancho)
1132;21:14:34;145,25;-0,75;1,125;Uppercut (gancho)
1133;21:14:34;145,125;-0,75;1,125;Uppercut (gancho)
1134;21:14:34;144,8125;-0,75;1,125;Uppercut (gancho)
1135;21:14:34;144,6875;-0,75;1,125;Uppercut (gancho)
1136;21:15:10;0;0;0;Uppercut (gancho)
1137;21:15:10;0;0;0;Uppercut (gancho)
1138;21:15:10;0;0;0;Uppercut (gancho)
1139;21:15:11;0;0;0;Uppercut (gancho)
1140;21:15:11;0;0;0;Uppercut (gancho)
1141;21:15:11;0;0;0;Uppercut (gancho)
1142;21:15:11;135,75;82,1875;82;Uppercut (gancho)
1143;21:15:11;138,0625;81,8125;70,6875;Uppercut (gancho)
1144;21:15:11;139,875;81,5625;73,0625;Uppercut (gancho)
1145;21:15:11;140,75;82,25;79,4375;Uppercut (gancho)
1146;21:15:11;141;82,4375;79,3125;Uppercut (gancho)
1147;21:15:11;140,375;82,1875;81;Uppercut (gancho)
1148;21:15:12;139,5;81,375;77,125;Uppercut (gancho)
1149;21:15:12;139,375;81,0625;76,5625;Uppercut (gancho)
1150;21:15:12;138;79,8125;72,25;Uppercut (gancho)
1151;21:15:12;136,625;78,875;70,125;Uppercut (gancho)
1152;21:15:12;133,25;77,375;71,25;Uppercut (gancho)
1153;21:15:12;124,75;73,5625;74,5;Uppercut (gancho)
1154;21:15:12;110,5625;66,8125;76,6875;Uppercut (gancho)
1155;21:15:12;94,625;57,625;74,3125;Uppercut (gancho)
1156;21:15:12;75,125;45,5625;66,875;Uppercut (gancho)
1157;21:15:12;50,625;27,25;49,0625;Uppercut (gancho)
1158;21:15:13;35,125;13;33;Uppercut (gancho)
1159;21:15:13;201,0625;5;21,4375;Uppercut (gancho)
1160;21:15:13;189,625;1,75;9,125;Uppercut (gancho)
1161;21:15:13;179,4375;1,5625;-2,75;Uppercut (gancho)
1162;21:15:13;169,6875;2,8125;-10,6875;Uppercut (gancho)
1163;21:15:13;161;3,5625;-14,375;Uppercut (gancho)
1164;21:15:13;157,3125;2,0625;-13,5625;Uppercut (gancho)
1165;21:15:13;154,5;0,875;-13,25;Uppercut (gancho)
1166;21:15:13;152,875;-1,0625;-11,9375;Uppercut (gancho)
1167;21:15:13;152,0625;-2,875;-10,8125;Uppercut (gancho)
1168;21:15:14;151,0625;-4,25;-13,4375;Uppercut (gancho)
1169;21:15:14;149,875;-4,1875;-14,875;Uppercut (gancho)
1170;21:15:14;150,8125;-3,9375;-15,5625;Uppercut (gancho)
1171;21:15:14;151,5625;-6,125;-13,0625;Uppercut (gancho)
1172;21:15:14;150,25;-5,5625;-9,0625;Uppercut (gancho)
1173;21:15:14;149,75;-3,625;-2,1875;Uppercut (gancho)
1174;21:15:14;149,3125;-2,9375;-0,8125;Uppercut (gancho)
1175;21:15:14;148,9375;-2,8125;-0,625;Uppercut (gancho)
1176;21:15:14;148,5;-2,5625;-0,75;Uppercut (gancho)
1177;21:15:14;148,0625;-2,1875;-0,4375;Uppercut (gancho)
1178;21:15:15;147,625;-1,9375;-0,25;Uppercut (gancho)
1179;21:15:15;147,0625;-1,75;-0,0625;Uppercut (gancho)
1180;21:15:15;146,6875;-1,5625;0;Uppercut (gancho)
1181;21:15:15;146,1875;-1,4375;0,0625;Uppercut (gancho)
1182;21:15:15;145,8125;-1,375;0,1875;Uppercut (gancho)
1183;21:15:15;145,625;-1,25;0,25;Uppercut (gancho)
1184;21:15:15;145,3125;-1,1875;0,3125;Uppercut (gancho)
1185;21:15:15;145,0625;-1,125;0,375;Uppercut (gancho)
1186;21:15:15;144,8125;-1,0625;0,4375;Uppercut (gancho)
1187;21:15:15;144,625;-1;0,5;Uppercut (gancho)
1188;21:15:16;144,1875;-0,9375;0,5;Uppercut (gancho)
1189;21:15:16;144,1875;-0,9375;0,5625;Uppercut (gancho)
1190;21:15:16;143,875;-0,875;0,625;Uppercut (gancho)
1191;21:15:16;143,875;-0,8125;0,625;Uppercut (gancho)
1192;21:15:16;143,75;-0,8125;0,6875;Uppercut (gancho)
1193;21:15:16;143,6875;-0,75;0,6875;Uppercut (gancho)
1194;21:15:16;143,375;-0,75;0,6875;Uppercut (gancho)
1195;21:15:16;143,25;-0,6875;0,6875;Uppercut (gancho)
1196;21:15:16;143,25;-0,6875;0,75;Uppercut (gancho)
1197;21:15:16;143,0625;-0,625;0,75;Uppercut (gancho)
1198;21:15:17;142,9375;-0,625;0,75;Uppercut (gancho)
1199;21:15:17;142,875;-0,625;0,75;Uppercut (gancho)
1200;21:15:17;142,75;-0,625;0,75;Uppercut (gancho)
1201;21:15:48;0;0;0;Uppercut (gancho)
1202;21:15:48;0;0;0;Uppercut (gancho)
1203;21:15:48;0;0;0;Uppercut (gancho)
1204;21:15:49;0;0;0;Uppercut (gancho)
1205;21:15:49;0;0;0;Uppercut (gancho)
1206;21:15:49;0;0;0;Uppercut (gancho)
1207;21:15:49;161,5625;85,0625;175,8125;Uppercut (gancho)
1208;21:15:49;161,125;84,9375;175,4375;Uppercut (gancho)
1209;21:15:49;160,125;84,5;174,6875;Uppercut (gancho)
1210;21:15:49;159,75;84,1875;174,3125;Uppercut (gancho)
1211;21:15:49;157,9375;82,9375;98,5625;Uppercut (gancho)
1212;21:15:49;156,75;81,9375;91,3125;Uppercut (gancho)
1213;21:15:49;156,625;81,75;89,1875;Uppercut (gancho)
1214;21:15:50;156,1875;81,375;85,875;Uppercut (gancho)
1215;21:15:50;155,5;81,25;87,1875;Uppercut (gancho)
1216;21:15:50;151,25;80,75;91;Uppercut (gancho)
1217;21:15:50;146,0625;79,3125;93,375;Uppercut (gancho)
1218;21:15:50;136,375;75,25;93,8125;Uppercut (gancho)
1219;21:15:50;121,125;68,75;91,5625;Uppercut (gancho)
1220;21:15:50;96,75;59,5;76,3125;Uppercut (gancho)
1221;21:15:50;76,1875;51;60;Uppercut (gancho)
1222;21:15:50;59,4375;40,5625;40,125;Uppercut (gancho)
1223;21:15:50;49,125;30,5625;23,25;Uppercut (gancho)
1224;21:15:51;40,75;19,875;7,75;Uppercut (gancho)
1225;21:15:51;31,375;10;-8,75;Uppercut (gancho)
1226;21:15:51;22,3125;5,625;-19,375;Uppercut (gancho)
1227;21:15:51;13,5625;6,3125;-21,625;Uppercut (gancho)
1228;21:15:51;5,5625;7;-19,5625;Uppercut (gancho)
1229;21:15:51;359,375;6,8125;-16,1875;Uppercut (gancho)
1230;21:15:51;357,1875;3,375;-13,1875;Uppercut (gancho)
1231;21:15:51;355,9375;1,9375;-10,0625;Uppercut (gancho)
1232;21:15:51;147,6875;0,8125;-7,0625;Uppercut (gancho)
1233;21:15:51;147,5625;-1,25;-5,875;Uppercut (gancho)
1234;21:15:52;147,6875;-3,5625;-5,8125;Uppercut (gancho)
1235;21:15:52;147,5625;-7;-8,1875;Uppercut (gancho)
1236;21:15:52;147,375;-8,5;-9,375;Uppercut (gancho)
1237;21:15:52;147,25;-8,75;-9,5;Uppercut (gancho)
1238;21:15:52;147,5;-8,375;-9,25;Uppercut (gancho)
1239;21:15:52;147,5625;-7,0625;-7,25;Uppercut (gancho)
1240;21:15:52;147;-6,25;-3,9375;Uppercut (gancho)
1241;21:15:52;146,4375;-5,5625;-0,8125;Uppercut (gancho)
1242;21:15:52;146,4375;-4,5625;-0,0625;Uppercut (gancho)
1243;21:15:53;146;-3,625;1;Uppercut (gancho)
1244;21:15:53;146,0625;-2,625;2,1875;Uppercut (gancho)
1245;21:15:53;146,1875;-2,25;2,0625;Uppercut (gancho)
1246;21:15:53;146,125;-1,875;2,0625;Uppercut (gancho)
1247;21:15:53;145,9375;-1,6875;1,9375;Uppercut (gancho)
1248;21:15:53;145,9375;-1,625;1,9375;Uppercut (gancho)
1249;21:15:53;145,6875;-1,3125;0,875;Uppercut (gancho)
1250;21:15:53;145,5625;-1,3125;0,8125;Uppercut (gancho)
1251;21:15:53;145,375;-1,1875;0,8125;Uppercut (gancho)
1252;21:15:53;145,3125;-1,125;0,875;Uppercut (gancho)
1253;21:15:54;145,3125;-1,0625;0,9375;Uppercut (gancho)
1254;21:15:54;145,1875;-1;0,9375;Uppercut (gancho)
1255;21:15:54;145,125;-0,9375;0,9375;Uppercut (gancho)
1256;21:15:54;145,0625;-0,9375;0,9375;Uppercut (gancho)
1257;21:15:54;145,0625;-0,875;1;Uppercut (gancho)
1258;21:15:54;145;-0,8125;1;Uppercut (gancho)
1259;21:15:54;144,9375;-0,8125;1;Uppercut (gancho)
1260;21:15:54;144,8125;-0,75;1;Uppercut (gancho)
1261;21:15:54;144,8125;-0,75;1;Uppercut (gancho)
1262;21:15:54;144,75;-0,75;1;Uppercut (gancho)
1263;21:15:55;144,75;-0,75;1;Uppercut (gancho)
1264;21:15:55;144,75;-0,75;1;Uppercut (gancho)
1265;21:15:55;144,6875;-0,75;1;Uppercut (gancho)
1266;21:15:55;144,6875;-0,75;1;Uppercut (gancho)
1267;21:15:55;144,6875;-0,75;1;Uppercut (gancho)
1268;21:15:55;144,625;-0,75;1;Uppercut (gancho)
1269;21:15:55;144,5625;-0,75;1;Uppercut (gancho)
1270;21:15:55;144,5625;-0,75;1;Uppercut (gancho)
1271;21:15:55;144,5625;-0,75;1;Uppercut (gancho)
1272;21:15:55;144,5625;-0,75;1;Uppercut (gancho)
1273;21:15:56;144,5625;-0,75;1;Uppercut (gancho)
1274;21:15:56;144,5625;-0,75;1;Uppercut (gancho)
1275;21:15:56;144,5625;-0,75;1;Uppercut (gancho)
1276;21:15:56;144,5625;-0,75;1;Uppercut (gancho)
1277;21:15:56;144,5625;-0,75;1;Uppercut (gancho)
1278;21:16:47;0;0;0;Uppercut (gancho)
1279;21:16:47;0;0;0;Uppercut (gancho)
1280;21:16:48;0;0;0;Uppercut (gancho)
1281;21:16:48;0;0;0;Uppercut (gancho)
1282;21:16:48;0;0;0;Uppercut (gancho)
1283;21:16:48;0;0;0;Uppercut (gancho)
1284;21:16:48;121,5;69,5625;49,875;Uppercut (gancho)
1285;21:16:48;124,375;69,1875;50,3125;Uppercut (gancho)
1286;21:16:48;125,5625;67,5;47,0625;Uppercut (gancho)
1287;21:16:48;124,875;66,9375;45;Uppercut (gancho)
1288;21:16:48;122,75;67,0625;45;Uppercut (gancho)
1289;21:16:48;295,1875;65,25;45;Uppercut (gancho)
1290;21:16:49;290,8125;64,0625;45,75;Uppercut (gancho)
1291;21:16:49;281,625;61,8125;41;Uppercut (gancho)
1292;21:16:49;267,125;57,5625;31;Uppercut (gancho)
1293;21:16:49;256,1875;54,1875;25,875;Uppercut (gancho)
1294;21:16:49;245,125;50,6875;17,3125;Uppercut (gancho)
1295;21:16:49;233,625;47,5;7,25;Uppercut (gancho)
1296;21:16:49;223,1875;45,875;0;Uppercut (gancho)
1297;21:16:49;213,75;43,0625;-8,3125;Uppercut (gancho)
1298;21:16:49;206,625;37,9375;-15,625;Uppercut (gancho)
1299;21:16:49;201,3125;30,25;-23,5625;Uppercut (gancho)
1300;21:16:50;197,8125;22,0625;-29,875;Uppercut (gancho)
1301;21:16:50;193,6875;15,125;-39;Uppercut (gancho)
1302;21:16:50;186,125;9,1875;-56,625;Uppercut (gancho)
1303;21:16:50;179,625;5,4375;-79,4375;Uppercut (gancho)
1304;21:16:50;174,0625;5,0625;-96,1875;Uppercut (gancho)
1305;21:16:50;169,0625;6,125;-104,875;Uppercut (gancho)
1306;21:16:50;162,8125;8,75;-98,3125;Uppercut (gancho)
1307;21:16:50;151,875;13,625;-80,1875;Uppercut (gancho)
1308;21:16:50;145,9375;13,8125;-61,6875;Uppercut (gancho)
1309;21:16:50;145,3125;12,875;-41,9375;Uppercut (gancho)
1310;21:16:51;145,3125;12,375;-32,25;Uppercut (gancho)
1311;21:16:51;146,5625;10,9375;-26,5625;Uppercut (gancho)
1312;21:16:51;146,9375;10,375;-22,75;Uppercut (gancho)
1313;21:16:51;147,375;8,75;-22,375;Uppercut (gancho)
1314;21:16:51;147,6875;7,5;-21,9375;Uppercut (gancho)
1315;21:16:51;148,9375;5,75;-19,75;Uppercut (gancho)
1316;21:16:51;149,375;5,75;-17,875;Uppercut (gancho)
1317;21:16:51;149,8125;6,125;-16,375;Uppercut (gancho)
1318;21:16:51;149,6875;8;-15,6875;Uppercut (gancho)
1319;21:16:52;149,3125;7,125;-13,5;Uppercut (gancho)
1320;21:16:52;149,3125;5,3125;-9,4375;Uppercut (gancho)
1321;21:16:52;149,1875;3,9375;-6,5625;Uppercut (gancho)
1322;21:16:52;149,1875;2,9375;-4,5;Uppercut (gancho)
1323;21:16:52;148,9375;2,25;-3,1875;Uppercut (gancho)
1324;21:16:52;148,875;1,8125;-2,375;Uppercut (gancho)
1325;21:16:52;148,75;1,5;-1,8125;Uppercut (gancho)
1326;21:16:52;148,6875;1,3125;-1,375;Uppercut (gancho)
1327;21:16:52;148,5625;1,125;-1,0625;Uppercut (gancho)
1328;21:16:52;148,4375;1;-0,875;Uppercut (gancho)
1329;21:16:53;148,4375;0,875;-0,625;Uppercut (gancho)
1330;21:16:53;148,1875;0,8125;-0,5;Uppercut (gancho)
1331;21:16:53;148,125;0,75;-0,375;Uppercut (gancho)
1332;21:16:53;148;0,6875;-0,25;Uppercut (gancho)
1333;21:16:53;148;0,625;-0,125;Uppercut (gancho)
1334;21:16:53;147,875;0,5625;-0,0625;Uppercut (gancho)
1335;21:16:53;147,875;0,5625;0;Uppercut (gancho)
1336;21:16:53;147,875;0,5625;0;Uppercut (gancho)
1337;21:16:53;147,875;0,5;0;Uppercut (gancho)
1338;21:16:53;147,8125;0,5;0,125;Uppercut (gancho)
1339;21:16:54;147,8125;0,4375;0,125;Uppercut (gancho)
1340;21:16:54;147,8125;0,4375;0,1875;Uppercut (gancho)
1341;21:16:54;147,6875;0,4375;0,25;Uppercut (gancho)
1342;21:16:54;147,625;0,4375;0,25;Uppercut (gancho)
1343;21:16:54;147,625;0,375;0,3125;Uppercut (gancho)
1344;21:16:54;147,625;0,375;0,3125;Uppercut (gancho)
1345;21:16:54;147,5625;0,375;0,3125;Uppercut (gancho)
1346;21:16:54;147,5;0,375;0,375;Uppercut (gancho)
1347;21:16:54;147,4375;0,375;0,375;Uppercut (gancho)
1348;21:16:54;147,375;0,375;0,375;Uppercut (gancho)
1349;21:16:55;147,375;0,3125;0,375;Uppercut (gancho)
1350;21:16:55;147,375;0,3125;0,4375;Uppercut (gancho)
1351;21:16:55;147,375;0,3125;0,4375;Uppercut (gancho)
1352;21:16:55;147,375;0,3125;0,4375;Uppercut (gancho)
1353;21:16:55;147,375;0,3125;0,4375;Uppercut (gancho)
1354;21:16:55;147,375;0,3125;0,4375;Uppercut (gancho)
1355;21:16:55;147,375;0,3125;0,4375;Uppercut (gancho)
1356;21:16:55;147,375;0,3125;0,4375;Uppercut (gancho)
1357;21:16:55;147,375;0,3125;0,4375;Uppercut (gancho)
1358;21:16:55;147,375;0,3125;0,4375;Uppercut (gancho)
1359;21:16:56;147,375;0,3125;0,4375;Uppercut (gancho)
1360;21:16:56;147,375;0,3125;0,4375;Uppercut (gancho)
1361;21:16:56;147,375;0,3125;0,4375;Uppercut (gancho)
1362;21:16:56;147,375;0,3125;0,4375;Uppercut (gancho)
1363;21:16:56;147,375;0,3125;0,4375;Uppercut (gancho)
1364;21:16:56;147,375;0,3125;0,4375;Uppercut (gancho)
1365;21:17:43;0;0;0;Uppercut (gancho)
1366;21:17:43;0;0;0;Uppercut (gancho)
1367;21:17:43;0;0;0;Uppercut (gancho)
1368;21:17:43;0;0;0;Uppercut (gancho)
1369;21:17:43;0;0;0;Uppercut (gancho)
1370;21:17:43;0;0;0;Uppercut (gancho)
1371;21:17:43;114,1875;69;77,875;Uppercut (gancho)
1372;21:17:44;121,875;72,625;79,25;Uppercut (gancho)
1373;21:17:44;129,0625;74,75;80,25;Uppercut (gancho)
1374;21:17:44;134,3125;76,4375;79,25;Uppercut (gancho)
1375;21:17:44;140,125;77,25;74,1875;Uppercut (gancho)
1376;21:17:44;145,5;77,125;68,4375;Uppercut (gancho)
1377;21:17:44;152,0625;77,3125;63,8125;Uppercut (gancho)
1378;21:17:44;158,1875;77,75;54,625;Uppercut (gancho)
1379;21:17:44;163,5625;78,125;41,375;Uppercut (gancho)
1380;21:17:44;166,875;77,875;32,125;Uppercut (gancho)
1381;21:17:44;168,8125;77,375;20,5;Uppercut (gancho)
1382;21:17:45;169,0625;77,125;12,625;Uppercut (gancho)
1383;21:17:45;167,625;78;6,8125;Uppercut (gancho)
1384;21:17:45;160,3125;79,0625;14,8125;Uppercut (gancho)
1385;21:17:45;150,375;79,8125;18,5625;Uppercut (gancho)
1386;21:17:45;134,625;81,75;28,6875;Uppercut (gancho)
1387;21:17:45;113,5;81,125;40,0625;Uppercut (gancho)
1388;21:17:45;93,5625;78,6875;38,875;Uppercut (gancho)
1389;21:17:45;73,6875;75,9375;29,25;Uppercut (gancho)
1390;21:17:45;58,125;72,3125;17,625;Uppercut (gancho)
1391;21:17:45;46,5625;68,125;6,9375;Uppercut (gancho)
1392;21:17:46;36,0625;63,5625;-3,25;Uppercut (gancho)
1393;21:17:46;27,8125;60,375;-8,875;Uppercut (gancho)
1394;21:17:46;211;58,5;-10,25;Uppercut (gancho)
1395;21:17:46;202,5625;57,25;-14;Uppercut (gancho)
1396;21:17:46;195,25;53,625;-21,8125;Uppercut (gancho)
1397;21:17:46;189,4375;48,1875;-27;Uppercut (gancho)
1398;21:17:46;183,8125;42,3125;-27,875;Uppercut (gancho)
1399;21:17:46;179,5;35,5625;-29,3125;Uppercut (gancho)
1400;21:17:46;177,0625;29,0625;-33,1875;Uppercut (gancho)
1401;21:17:46;174,4375;23;-40,75;Uppercut (gancho)
1402;21:17:47;171,6875;19,6875;-48,5;Uppercut (gancho)
1403;21:17:47;168,375;17,375;-51,5625;Uppercut (gancho)
1404;21:17:47;165,5;14,75;-43,8125;Uppercut (gancho)
1405;21:17:47;165,375;8,4375;-37,9375;Uppercut (gancho)
1406;21:17:47;164,1875;3,0625;-31,9375;Uppercut (gancho)
1407;21:17:47;163,0625;1,125;-26,6875;Uppercut (gancho)
1408;21:17:47;162,75;-0,4375;-24,375;Uppercut (gancho)
1409;21:17:47;161,75;-2,9375;-21,375;Uppercut (gancho)
1410;21:17:47;161,25;-3,0625;-19,375;Uppercut (gancho)
1411;21:17:47;161,75;-3,8125;-18,9375;Uppercut (gancho)
1412;21:17:48;162,25;-4,3125;-17,6875;Uppercut (gancho)
1413;21:17:48;162,125;-3,9375;-17,3125;Uppercut (gancho)
1414;21:17:48;161,625;-3,4375;-15,125;Uppercut (gancho)
1415;21:17:48;161,3125;-2,75;-11,9375;Uppercut (gancho)
1416;21:17:48;161;-2,25;-10,125;Uppercut (gancho)
1417;21:17:48;162,375;-1,5;-8,75;Uppercut (gancho)
1418;21:17:48;162,0625;-1,1875;-6,8125;Uppercut (gancho)
1419;21:17:48;161,5;-1,25;-4,125;Uppercut (gancho)
1420;21:17:48;160,75;-1;-2,5625;Uppercut (gancho)
1421;21:17:48;160,25;-0,8125;-2,125;Uppercut (gancho)
1422;21:17:49;159,9375;-0,6875;-2,375;Uppercut (gancho)
1423;21:17:49;159,75;-0,5625;-1,6875;Uppercut (gancho)
1424;21:17:49;159,5625;-0,5;-1,25;Uppercut (gancho)
1425;21:17:49;159,1875;-0,4375;-0,9375;Uppercut (gancho)
1426;21:17:49;158,75;-0,375;-0,6875;Uppercut (gancho)
1427;21:17:49;158,1875;-0,375;-0,5;Uppercut (gancho)
1428;21:17:49;158,0625;-0,375;-0,3125;Uppercut (gancho)
1429;21:17:49;157,6875;-0,3125;-0,1875;Uppercut (gancho)
1430;21:17:49;157,3125;-0,3125;-0,125;Uppercut (gancho)
1431;21:17:49;157;-0,3125;0;Uppercut (gancho)
1432;21:17:50;156,875;-0,25;0;Uppercut (gancho)
1433;21:17:50;156,6875;-0,25;0,0625;Uppercut (gancho)
1434;21:17:50;156,3125;-0,25;0,125;Uppercut (gancho)
1435;21:17:50;156,125;-0,25;0,1875;Uppercut (gancho)
1436;21:17:50;155,6875;-0,25;0,25;Uppercut (gancho)
1437;21:17:50;155,5625;-0,25;0,3125;Uppercut (gancho)
1438;21:17:50;155,5;-0,25;0,3125;Uppercut (gancho)
1439;21:17:50;155,375;-0,25;0,375;Uppercut (gancho)
1440;21:17:50;155,0625;-0,25;0,375;Uppercut (gancho)
1441;21:17:50;154,9375;-0,25;0,4375;Uppercut (gancho)
1442;21:17:51;154,75;-0,25;0,4375;Uppercut (gancho)
1443;21:17:51;154,6875;-0,25;0,4375;Uppercut (gancho)
1444;21:17:51;154,5625;-0,25;0,4375;Uppercut (gancho)
1445;21:17:51;154,4375;-0,25;0,4375;Uppercut (gancho)
1446;21:17:51;154,25;-0,25;0,4375;Uppercut (gancho)
1447;21:17:51;154,125;-0,25;0,4375;Uppercut (gancho)
1448;21:17:51;154,125;-0,25;0,4375;Uppercut (gancho)
1449;21:17:51;154,125;-0,25;0,4375;Uppercut (gancho)
1450;21:17:51;154;-0,25;0,4375;Uppercut (gancho)
1451;21:17:52;153,9375;-0,25;0,4375;Uppercut (gancho)
1452;21:17:52;153,9375;-0,25;0,4375;Uppercut (gancho)
1453;21:17:52;153,9375;-0,25;0,4375;Uppercut (gancho)
1454;21:17:52;153,9375;-0,25;0,4375;Uppercut (gancho)
1455;21:17:52;153,9375;-0,25;0,4375;Uppercut (gancho)
1456;21:17:52;153,9375;-0,25;0,4375;Uppercut (gancho)
1457;21:17:52;153,9375;-0,25;0,4375;Uppercut (gancho)
1458;21:17:52;153,9375;-0,25;0,4375;Uppercut (gancho)
1459;21:17:52;153,9375;-0,25;0,4375;Uppercut (gancho)
