Tempo;aX;aY;aZ;Punch Type
20:56:08;0.0000;0.0000;0.0000;Jab
20:56:08;0.0000;0.0000;0.0000;Jab
20:56:08;0.0000;0.0000;0.0000;Jab
20:56:08;0.0000;0.0000;0.0000;Jab
20:56:08;0.0000;0.0000;0.0000;Jab
20:56:08;0.0000;0.0000;0.0000;Jab
20:56:09;65.6250;2.6250;-79.8750;Jab
20:56:09;64.0625;4.0625;-79.5625;Jab
20:56:09;64.1875;4.5625;-78.8125;Jab
20:56:09;63.6250;5.5000;-75.4375;Jab
20:56:09;63.5000;5.0625;-72.9375;Jab
20:56:09;64.6875;5.0625;-73.0625;Jab
20:56:09;65.6875;5.5000;-73.1875;Jab
20:56:09;65.8750;6.0000;-71.4375;Jab
20:56:09;65.9375;6.0000;-70.3125;Jab
20:56:10;65.4375;5.8125;-69.3125;Jab
20:56:10;65.1875;4.3750;-67.8750;Jab
20:56:10;66.6250;1.1875;-69.7500;Jab
20:56:10;69.3750;-1.5000;-72.3750;Jab
20:56:10;73.0000;-5.4375;-74.2500;Jab
20:56:10;74.9375;-10.3125;-72.3125;Jab
20:56:10;74.9375;-13.2500;-67.7500;Jab
20:56:10;71.2500;-13.1875;-61.0625;Jab
20:56:10;66.5625;-12.6250;-53.8125;Jab
20:56:10;62.8125;-11.8125;-46.7500;Jab
20:56:11;59.1250;-9.5625;-40.0625;Jab
20:56:11;54.3750;-8.1250;-32.4375;Jab
20:56:11;51.0000;-5.9375;-25.1875;Jab
20:56:11;48.6250;0.2500;-19.2500;Jab
20:56:11;46.2500;9.4375;-14.9375;Jab
20:56:11;41.8750;16.3125;-11.6250;Jab
20:56:11;30.9375;22.7500;-7.1875;Jab
20:56:11;15.0000;24.8125;-0.7500;Jab
20:56:11;359.8125;19.6250;-2.3750;Jab
20:56:11;346.5625;12.2500;-5.8125;Jab
20:56:12;341.0625;7.5625;-11.9375;Jab
20:56:12;340.0625;5.6875;-13.5000;Jab
20:56:12;340.3125;1.3750;-14.6875;Jab
20:56:12;340.0000;-0.6250;-12.5000;Jab
20:56:12;135.9375;-2.1875;-10.7500;Jab
20:56:12;135.9375;-1.9375;-10.8125;Jab
20:56:12;136.3750;-1.6875;-8.6875;Jab
20:56:12;136.7500;-1.5000;-6.9375;Jab
20:56:12;137.5625;-0.5625;-5.4375;Jab
20:56:12;137.5625;1.1875;-5.0000;Jab
20:56:13;137.0000;2.5000;-4.6875;Jab
20:56:13;137.1250;2.8125;-3.1875;Jab
20:56:13;136.8750;2.3750;-2.6250;Jab
20:56:13;136.5625;1.9375;-2.0625;Jab
20:56:13;136.3125;2.0000;-2.1875;Jab
20:56:13;136.2500;1.8125;-2.1250;Jab
20:56:13;136.1875;1.6250;-2.0000;Jab
20:56:13;135.9375;1.5000;-1.8750;Jab
20:56:13;135.8750;1.3750;-1.8125;Jab
20:56:13;135.8750;1.2500;-1.7500;Jab
20:56:14;135.6875;1.1875;-1.6875;Jab
20:56:14;135.5000;1.1250;-1.6250;Jab
20:56:14;135.3750;1.0000;-1.6250;Jab
20:56:14;135.3750;0.9375;-1.5625;Jab
20:56:14;135.3125;0.9375;-1.5625;Jab
20:56:14;135.3125;0.8750;-1.5000;Jab
20:56:14;135.3125;0.8125;-1.5000;Jab
20:56:14;135.1250;0.8125;-1.4375;Jab
20:56:14;135.1875;0.7500;-1.4375;Jab
20:56:14;135.1250;0.7500;-1.4375;Jab
20:56:15;135.1250;0.6875;-1.4375;Jab
20:56:15;135.1250;0.6875;-1.3750;Jab
20:56:15;135.1250;0.6875;-1.3750;Jab
20:56:15;135.1875;0.6875;-1.3750;Jab
20:56:15;135.1250;0.6875;-1.3750;Jab
20:56:15;135.0625;0.6875;-1.3750;Jab
20:56:15;135.1250;0.6875;-1.3750;Jab
20:56:15;135.1250;0.6875;-1.3750;Jab
20:56:15;135.1250;0.6875;-1.3750;Jab
20:56:15;135.1250;0.6875;-1.3750;Jab
20:56:16;135.1250;0.6875;-1.3750;Jab
20:56:16;135.1250;0.6875;-1.3750;Jab
20:56:16;135.1250;0.6875;-1.3750;Jab
20:56:16;135.1250;0.6875;-1.3750;Jab
20:56:16;135.1250;0.6875;-1.3750;Jab
20:56:16;135.1250;0.6875;-1.3750;Jab
20:56:16;135.1250;0.6875;-1.3750;Jab
20:56:16;135.1250;0.6875;-1.3750;Jab
20:56:16;135.1250;0.6875;-1.3750;Jab
20:56:58;0.0000;0.0000;0.0000;Jab
20:56:58;0.0000;0.0000;0.0000;Jab
20:56:59;0.0000;0.0000;0.0000;Jab
20:56:59;0.0000;0.0000;0.0000;Jab
20:56:59;0.0000;0.0000;0.0000;Jab
20:56:59;0.0000;0.0000;0.0000;Jab
20:56:59;71.0000;8.8125;-58.5625;Jab
20:56:59;71.1250;7.6250;-59.5625;Jab
20:56:59;70.8125;5.9375;-60.8750;Jab
20:56:59;70.7500;4.8750;-61.5000;Jab
20:56:59;69.6875;4.4375;-62.5000;Jab
20:56:59;68.6250;5.8125;-64.1875;Jab
20:57:00;69.6250;5.3125;-65.4375;Jab
20:57:00;71.1250;3.7500;-65.5000;Jab
20:57:00;72.8750;1.4375;-66.6875;Jab
20:57:00;73.5000;1.0625;-67.4375;Jab
20:57:00;72.6250;1.7500;-66.3750;Jab
20:57:00;67.7500;4.5000;-60.0625;Jab
20:57:00;59.5000;7.9375;-47.8750;Jab
20:57:00;53.3125;11.7500;-37.1875;Jab
20:57:00;176.2500;17.5000;-23.9375;Jab
20:57:00;161.1875;21.1250;-10.1250;Jab
20:57:01;145.7500;19.8125;0.3750;Jab
20:57:01;131.7500;12.7500;-1.0000;Jab
20:57:01;124.1875;6.2500;-8.0000;Jab
20:57:01;121.8750;1.1875;-13.8750;Jab
20:57:01;120.7500;-1.5000;-17.4375;Jab
20:57:01;121.1875;-4.4375;-18.2500;Jab
20:57:01;121.0625;-4.0625;-12.5000;Jab
20:57:01;121.2500;-3.7500;-9.9375;Jab
20:57:01;121.8750;-2.6875;-5.3750;Jab
20:57:01;122.4375;-1.5625;-1.6250;Jab
20:57:02;122.5625;-0.8125;0.1250;Jab
20:57:02;122.6250;-0.5000;1.0625;Jab
20:57:02;122.9375;-0.2500;0.3125;Jab
20:57:02;122.9375;-0.2500;0.6875;Jab
20:57:02;122.9375;-0.2500;0.8750;Jab
20:57:02;122.9375;-0.2500;1.1250;Jab
20:57:02;122.9375;-0.2500;1.2500;Jab
20:57:02;122.9375;-0.2500;1.3750;Jab
20:57:02;122.9375;-0.3125;1.5000;Jab
20:57:02;122.9375;-0.3125;1.5625;Jab
20:57:03;122.9375;-0.3125;1.6250;Jab
20:57:03;122.9375;-0.3125;1.6875;Jab
20:57:03;122.9375;-0.3125;1.7500;Jab
20:57:03;122.9375;-0.3125;1.8125;Jab
20:57:03;122.9375;-0.3125;1.8125;Jab
20:57:03;122.9375;-0.3125;1.8750;Jab
20:57:03;122.9375;-0.3125;1.9375;Jab
20:57:03;122.9375;-0.3125;1.9375;Jab
20:57:03;122.9375;-0.3125;1.9375;Jab
20:57:03;122.9375;-0.3125;1.9375;Jab
20:57:04;122.9375;-0.3125;1.9375;Jab
20:57:04;122.9375;-0.3125;1.9375;Jab
20:57:04;122.9375;-0.3125;1.9375;Jab
20:57:04;122.9375;-0.3125;1.9375;Jab
20:57:04;122.9375;-0.3125;1.9375;Jab
20:57:04;122.9375;-0.3125;1.9375;Jab
20:57:04;122.9375;-0.3125;1.9375;Jab
20:57:04;122.9375;-0.3125;1.9375;Jab
20:57:04;122.9375;-0.3125;1.9375;Jab
20:57:05;122.9375;-0.3125;1.9375;Jab
20:57:05;122.9375;-0.3125;1.9375;Jab
20:57:05;122.9375;-0.3125;1.9375;Jab
20:57:05;122.9375;-0.3125;1.9375;Jab
20:57:05;122.9375;-0.3125;1.9375;Jab
20:57:05;122.9375;-0.3125;1.9375;Jab
20:57:05;122.9375;-0.3125;1.9375;Jab
20:57:05;122.9375;-0.3125;1.9375;Jab
20:57:05;122.9375;-0.3125;1.9375;Jab
20:57:05;122.9375;-0.3125;1.9375;Jab
20:57:06;122.9375;-0.3125;1.9375;Jab
20:57:06;122.9375;-0.3125;1.9375;Jab
20:57:06;122.9375;-0.3125;1.9375;Jab
20:57:06;122.9375;-0.3125;1.9375;Jab
20:57:06;122.9375;-0.3125;1.9375;Jab
20:57:06;122.9375;-0.3125;1.9375;Jab
20:57:06;122.9375;-0.3125;1.9375;Jab
20:58:20;0.0000;0.0000;0.0000;Jab
20:58:21;0.0000;0.0000;0.0000;Jab
20:58:21;0.0000;0.0000;0.0000;Jab
20:58:21;0.0000;0.0000;0.0000;Jab
20:58:21;0.0000;0.0000;0.0000;Jab
20:58:21;0.0000;0.0000;0.0000;Jab
20:58:21;225.1250;4.0625;-64.6250;Jab
20:58:21;225.4375;4.1250;-64.8750;Jab
20:58:21;225.5000;4.1250;-64.8750;Jab
20:58:21;225.3125;3.8750;-64.5000;Jab
20:58:21;224.8125;3.5000;-63.3125;Jab
20:58:22;224.9375;2.7500;-61.3750;Jab
20:58:22;225.7500;1.3750;-58.6250;Jab
20:58:22;227.3125;-0.7500;-56.3750;Jab
20:58:22;229.1875;-2.4375;-54.3750;Jab
20:58:22;229.1250;-1.3125;-52.7500;Jab
20:58:22;227.7500;-0.3125;-49.9375;Jab
20:58:22;222.3750;-0.0625;-43.0000;Jab
20:58:22;215.1875;-0.1875;-35.6250;Jab
20:58:22;210.5625;2.2500;-30.4375;Jab
20:58:22;204.8750;7.8750;-23.5625;Jab
20:58:23;195.3750;13.0000;-17.5625;Jab
20:58:23;179.8750;17.5625;-13.8750;Jab
20:58:23;165.5000;15.7500;-11.7500;Jab
20:58:23;153.8750;11.2500;-11.6250;Jab
20:58:23;145.8750;8.1250;-13.3750;Jab
20:58:23;142.1875;3.5000;-15.5000;Jab
20:58:23;140.5625;-0.1875;-17.1250;Jab
20:58:23;141.5000;-2.5625;-15.1250;Jab
20:58:23;141.6250;-1.7500;-15.6875;Jab
20:58:24;142.9375;-2.1875;-18.7500;Jab
20:58:24;144.0625;-3.7500;-16.0625;Jab
20:58:24;144.6250;-3.4375;-11.8125;Jab
20:58:24;144.5000;-3.1875;-8.8125;Jab
20:58:24;144.3750;-2.7500;-7.5625;Jab
20:58:24;144.3750;-2.1875;-6.5625;Jab
20:58:24;144.0625;0.0000;-4.6875;Jab
20:58:24;144.6875;0.1875;-3.2500;Jab
20:58:24;142.8750;0.2500;-2.1250;Jab
20:58:24;142.6250;0.4375;-1.7500;Jab
20:58:25;142.4375;0.3125;-1.1875;Jab
20:58:25;142.5000;0.1875;-0.6875;Jab
20:58:25;142.3125;0.1250;-0.5625;Jab
20:58:25;142.1875;0.0625;-0.2500;Jab
20:58:25;141.9375;0.0625;0.0000;Jab
20:58:25;141.6875;0.0000;0.1250;Jab
20:58:25;141.5625;0.0000;0.2500;Jab
20:58:25;141.3750;0.0000;0.3125;Jab
20:58:25;141.3125;0.0000;0.4375;Jab
20:58:25;141.1875;0.0000;0.5625;Jab
20:58:26;141.0000;-0.0625;0.6250;Jab
20:58:26;140.8750;-0.0625;0.6875;Jab
20:58:26;140.8125;-0.0625;0.7500;Jab
20:58:26;140.8125;-0.0625;0.7500;Jab
20:58:26;140.5625;-0.0625;0.8125;Jab
20:58:26;140.5000;-0.0625;0.8750;Jab
20:58:26;140.5000;-0.0625;0.8750;Jab
20:58:26;140.4375;-0.0625;0.9375;Jab
20:58:26;140.3750;-0.1250;0.9375;Jab
20:58:26;140.1250;-0.1250;1.0000;Jab
20:58:27;140.1250;-0.1250;1.0000;Jab
20:58:27;139.8750;-0.1250;1.0000;Jab
20:58:27;139.8750;-0.1250;1.0000;Jab
20:58:27;139.8750;-0.1250;1.0000;Jab
20:58:27;139.8750;-0.1250;1.0000;Jab
20:58:27;139.8750;-0.1250;1.0000;Jab
20:58:27;139.8750;-0.1250;1.0000;Jab
20:58:27;139.8750;-0.1250;1.0000;Jab
20:59:34;0.0000;0.0000;0.0000;Jab
20:59:34;0.0000;0.0000;0.0000;Jab
20:59:35;0.0000;0.0000;0.0000;Jab
20:59:35;0.0000;0.0000;0.0000;Jab
20:59:35;0.0000;0.0000;0.0000;Jab
20:59:35;0.0000;0.0000;0.0000;Jab
20:59:35;74.8750;6.2500;-58.8125;Jab
20:59:35;75.2500;5.6875;-60.1250;Jab
20:59:35;74.5625;5.8750;-60.4375;Jab
20:59:35;75.0000;5.6250;-60.6875;Jab
20:59:35;77.0625;5.0625;-61.8125;Jab
20:59:35;79.2500;5.0625;-61.8125;Jab
20:59:36;81.5000;5.0000;-60.9375;Jab
20:59:36;82.3750;5.0000;-59.8750;Jab
20:59:36;80.7500;6.2500;-58.4375;Jab
20:59:36;78.8750;7.1875;-57.4375;Jab
20:59:36;76.5625;8.7500;-56.3750;Jab
20:59:36;73.7500;10.4375;-55.6250;Jab
20:59:36;71.0000;12.6250;-53.7500;Jab
20:59:36;65.9375;17.0625;-48.9375;Jab
20:59:36;214.0000;22.5000;-40.8750;Jab
20:59:36;207.0000;29.0625;-32.8750;Jab
20:59:37;198.6875;34.6250;-25.9375;Jab
20:59:37;190.9375;35.4375;-21.3750;Jab
20:59:37;182.2500;34.3125;-18.0625;Jab
20:59:37;170.6250;28.5000;-15.6250;Jab
20:59:37;160.9375;19.2500;-17.0000;Jab
20:59:37;155.3750;10.8750;-14.1250;Jab
20:59:37;152.0625;5.4375;-12.3750;Jab
20:59:37;149.5625;2.2500;-10.6250;Jab
20:59:37;148.6250;0.8750;-6.0625;Jab
20:59:37;148.1875;-0.9375;-3.9375;Jab
20:59:38;147.2500;-2.9375;-1.9375;Jab
20:59:38;146.5000;-5.1250;-2.5625;Jab
20:59:38;146.1875;-5.0000;-2.0625;Jab
20:59:38;145.7500;-5.1250;-1.7500;Jab
20:59:38;145.2500;-4.0000;-2.8750;Jab
20:59:38;145.3750;-3.0625;-2.6250;Jab
20:59:38;145.5000;-2.3750;-1.8125;Jab
20:59:38;143.8750;-1.9375;-1.6875;Jab
20:59:38;143.1250;-1.7500;-1.1250;Jab
20:59:38;142.8125;-1.5000;-0.4375;Jab
20:59:39;143.0000;-0.8125;0.0000;Jab
20:59:39;142.7500;-0.7500;0.0000;Jab
20:59:39;142.5625;-0.6875;0.1250;Jab
20:59:39;142.4375;-0.6250;0.2500;Jab
20:59:39;142.1250;-0.6250;0.3750;Jab
20:59:39;141.8125;-0.5625;0.4375;Jab
20:59:39;141.5000;-0.5625;0.5625;Jab
20:59:39;141.3125;-0.5625;0.6250;Jab
20:59:39;141.0000;-0.5000;0.6875;Jab
20:59:39;140.6250;-0.5000;0.7500;Jab
20:59:40;140.5625;-0.5000;0.7500;Jab
20:59:40;140.4375;-0.5000;0.8125;Jab
20:59:40;140.2500;-0.4375;0.8750;Jab
20:59:40;140.1250;-0.4375;0.8750;Jab
20:59:40;140.0000;-0.4375;0.9375;Jab
20:59:40;139.8125;-0.4375;0.9375;Jab
20:59:40;139.6875;-0.4375;0.9375;Jab
20:59:40;139.6250;-0.4375;0.9375;Jab
20:59:40;139.6250;-0.4375;0.9375;Jab
20:59:40;139.5625;-0.4375;0.9375;Jab
20:59:41;139.5000;-0.4375;0.9375;Jab
20:59:41;139.5000;-0.4375;0.9375;Jab
20:59:41;139.4375;-0.4375;0.9375;Jab
20:59:41;139.4375;-0.4375;0.9375;Jab
20:59:41;139.4375;-0.4375;0.9375;Jab
20:59:41;139.4375;-0.4375;0.9375;Jab
20:59:41;139.4375;-0.4375;0.9375;Jab
20:59:41;139.4375;-0.4375;0.9375;Jab
20:59:41;139.4375;-0.4375;0.9375;Jab
20:59:41;139.4375;-0.4375;0.9375;Jab
20:59:42;139.4375;-0.4375;0.9375;Jab
20:59:42;139.4375;-0.4375;0.9375;Jab
20:59:42;139.4375;-0.4375;0.9375;Jab
20:59:42;139.4375;-0.4375;0.9375;Jab
20:59:42;139.4375;-0.4375;0.9375;Jab
20:59:42;139.4375;-0.4375;0.9375;Jab
20:59:42;139.4375;-0.4375;0.9375;Jab
21:00:54;0.0000;0.0000;0.0000;Jab
21:00:54;0.0000;0.0000;0.0000;Jab
21:00:54;0.0000;0.0000;0.0000;Jab
21:00:54;0.0000;0.0000;0.0000;Jab
21:00:55;0.0000;0.0000;0.0000;Jab
21:00:55;0.0000;0.0000;0.0000;Jab
21:00:55;77.4375;4.7500;-54.5000;Jab
21:00:55;80.5625;2.6250;-55.2500;Jab
21:00:55;84.0625;0.1250;-57.5000;Jab
21:00:55;87.0000;-2.8125;-60.0625;Jab
21:00:55;90.6250;-5.9375;-62.8750;Jab
21:00:55;93.1250;-7.5625;-64.2500;Jab
21:00:55;93.8750;-8.0625;-64.6875;Jab
21:00:56;93.3125;-7.9375;-64.9375;Jab
21:00:56;91.4375;-7.1250;-66.6875;Jab
21:00:56;87.6250;-4.6875;-67.1875;Jab
21:00:56;232.3750;0.6250;-65.8750;Jab
21:00:56;221.0625;6.7500;-61.2500;Jab
21:00:56;208.2500;16.4375;-45.3750;Jab
21:00:56;200.0000;23.7500;-38.9375;Jab
21:00:56;188.9375;33.5000;-29.4375;Jab
21:00:56;176.6875;37.1250;-11.6875;Jab
21:00:56;162.3125;33.6875;-2.5000;Jab
21:00:57;151.5000;27.5625;2.3750;Jab
21:00:57;144.9375;17.5000;-2.3750;Jab
21:00:57;142.3750;10.2500;-9.0625;Jab
21:00:57;142.0625;4.6875;-11.9375;Jab
21:00:57;145.1250;-2.1250;-11.8125;Jab
21:00:57;146.2500;-4.7500;-10.3125;Jab
21:00:57;146.1875;-4.3750;-8.0625;Jab
21:00:57;148.0000;-6.0000;-5.8750;Jab
21:00:57;148.0625;-4.5625;-3.0625;Jab
21:00:57;147.5625;-3.8125;-2.0000;Jab
21:00:58;147.7500;-2.8750;0.2500;Jab
21:00:58;147.7500;-2.6875;0.6250;Jab
21:00:58;147.4375;-2.5625;0.7500;Jab
21:00:58;147.0625;-2.2500;1.2500;Jab
21:00:58;146.6250;-1.9375;1.5000;Jab
21:00:58;146.1875;-1.8125;1.6875;Jab
21:00:58;145.8750;-1.6250;1.9375;Jab
21:00:58;145.6250;-1.5000;2.0625;Jab
21:00:58;145.2500;-1.3750;2.1875;Jab
21:00:58;145.0000;-1.3125;2.2500;Jab
21:00:59;144.6875;-1.2500;2.3750;Jab
21:00:59;144.4375;-1.1875;2.4375;Jab
21:00:59;144.2500;-1.1875;2.5000;Jab
21:00:59;143.9375;-1.1250;2.5625;Jab
21:00:59;143.6875;-1.0625;2.5625;Jab
21:00:59;143.4375;-1.0625;2.6250;Jab
21:00:59;143.1875;-1.0000;2.6875;Jab
21:00:59;143.0625;-1.0000;2.6875;Jab
21:00:59;142.8750;-1.0000;2.6875;Jab
21:00:59;142.7500;-0.9375;2.7500;Jab
21:01:00;142.6250;-0.9375;2.7500;Jab
21:01:00;142.5000;-0.9375;2.8125;Jab
21:01:00;142.3750;-0.8750;2.8125;Jab
21:01:00;142.2500;-0.8750;2.8125;Jab
21:01:00;142.1250;-0.8750;2.8125;Jab
21:01:00;142.1250;-0.8750;2.8125;Jab
21:01:00;142.1250;-0.8750;2.8125;Jab
21:01:00;141.8750;-0.8750;2.8125;Jab
21:01:00;141.7500;-0.8750;2.8125;Jab
21:01:00;141.7500;-0.8750;2.8125;Jab
21:01:01;141.7500;-0.8750;2.8125;Jab
21:01:01;141.7500;-0.8750;2.8125;Jab
21:01:58;0.0000;0.0000;0.0000;Jab
21:01:58;0.0000;0.0000;0.0000;Jab
21:01:58;0.0000;0.0000;0.0000;Jab
21:01:58;0.0000;0.0000;0.0000;Jab
21:01:59;0.0000;0.0000;0.0000;Jab
21:01:59;0.0000;0.0000;0.0000;Jab
21:01:59;73.5625;1.8125;-70.0000;Jab
21:01:59;74.1250;1.1250;-68.9375;Jab
21:01:59;74.8125;1.4375;-69.6875;Jab
21:01:59;77.3125;0.4375;-69.8750;Jab
21:01:59;81.0625;-1.5000;-71.2500;Jab
21:01:59;84.4375;-4.1875;-72.4375;Jab
21:01:59;86.8750;-5.0000;-72.6875;Jab
21:01:59;88.5000;-6.1250;-73.5625;Jab
21:02:00;84.8750;-5.3125;-73.8125;Jab
21:02:00;75.6250;-4.4375;-76.8125;Jab
21:02:00;67.7500;-2.1875;-80.0000;Jab
21:02:00;62.9375;1.5625;-80.0625;Jab
21:02:00;57.0000;6.0625;-75.5000;Jab
21:02:00;50.6250;11.4375;-68.6250;Jab
21:02:00;44.5625;17.0625;-60.3125;Jab
21:02:00;35.3125;22.7500;-49.9375;Jab
21:02:00;25.9375;26.0625;-41.3750;Jab
21:02:00;16.5625;23.9375;-32.8125;Jab
21:02:01;8.8125;22.1250;-24.8125;Jab
21:02:01;4.3750;20.0625;-19.6875;Jab
21:02:01;0.6875;16.8750;-16.3750;Jab
21:02:01;358.1875;13.5000;-14.1875;Jab
21:02:01;356.0000;9.5625;-13.6875;Jab
21:02:01;354.4375;6.5625;-14.0625;Jab
21:02:01;356.0000;1.9375;-13.3750;Jab
21:02:01;355.5000;1.2500;-12.6250;Jab
21:02:01;131.3750;0.1875;-13.3125;Jab
21:02:01;130.7500;-0.1250;-11.5625;Jab
21:02:02;130.5000;0.4375;-7.6875;Jab
21:02:02;130.1875;0.8125;-5.3750;Jab
21:02:02;130.8750;1.3125;-2.7500;Jab
21:02:02;131.1875;2.1250;-2.1250;Jab
21:02:02;131.1250;2.5625;-1.2500;Jab
21:02:02;130.6875;2.2500;-0.9375;Jab
21:02:02;130.5000;1.7500;-0.3125;Jab
21:02:02;130.0625;1.4375;0.1250;Jab
21:02:02;129.5625;1.1875;0.4375;Jab
21:02:02;129.3125;0.9375;0.6875;Jab
21:02:03;128.9375;0.8125;0.8750;Jab
21:02:03;128.6250;0.6875;1.0000;Jab
21:02:03;128.6250;0.5625;1.1250;Jab
21:02:03;128.3125;0.5000;1.2500;Jab
21:02:03;128.2500;0.4375;1.3750;Jab
21:02:03;127.9375;0.3750;1.4375;Jab
21:02:03;127.5000;0.3125;1.5000;Jab
21:02:03;127.1250;0.2500;1.5625;Jab
21:02:03;126.9375;0.2500;1.6250;Jab
21:02:04;126.6250;0.1875;1.6250;Jab
21:02:04;126.6250;0.1875;1.6875;Jab
21:02:04;126.5625;0.1250;1.6875;Jab
21:02:04;126.5000;0.1250;1.7500;Jab
21:02:04;126.4375;0.0625;1.7500;Jab
21:02:04;126.3750;0.0625;1.8125;Jab
21:02:04;126.3750;0.0625;1.8125;Jab
21:02:04;126.3750;0.0625;1.8125;Jab
21:02:04;126.3750;0.0625;1.8125;Jab
21:02:04;126.1875;0.0625;1.8125;Jab
21:02:05;126.1875;0.0625;1.8125;Jab
21:02:05;126.1250;0.0625;1.8125;Jab
21:02:05;126.1250;0.0625;1.8125;Jab
21:02:05;126.1250;0.0625;1.8125;Jab
21:02:05;126.1250;0.0625;1.8125;Jab
21:02:05;126.1250;0.0625;1.8125;Jab
21:02:05;126.1250;0.0625;1.8125;Jab
21:02:05;126.1250;0.0625;1.8125;Jab
21:02:05;126.1250;0.0625;1.8125;Jab
21:02:05;126.1250;0.0625;1.8125;Jab
21:02:06;126.1250;0.0625;1.8125;Jab
21:03:19;0.0000;0.0000;0.0000;Jab
21:03:19;0.0000;0.0000;0.0000;Jab
21:03:19;0.0000;0.0000;0.0000;Jab
21:03:19;0.0000;0.0000;0.0000;Jab
21:03:19;0.0000;0.0000;0.0000;Jab
21:03:19;0.0000;0.0000;0.0000;Jab
21:03:19;72.2500;2.3125;-67.3750;Jab
21:03:19;74.6250;1.1250;-68.6875;Jab
21:03:19;77.9375;0.1875;-70.2500;Jab
21:03:20;80.2500;-0.5625;-70.2500;Jab
21:03:20;82.0000;-0.4375;-69.6875;Jab
21:03:20;82.0000;1.1875;-67.3750;Jab
21:03:20;78.6875;2.8125;-63.3750;Jab
21:03:20;76.1875;5.6875;-63.7500;Jab
21:03:20;70.1875;9.4375;-61.5625;Jab
21:03:20;62.4375;14.0000;-53.4375;Jab
21:03:20;54.0000;21.2500;-43.0000;Jab
21:03:20;42.3125;29.3750;-28.7500;Jab
21:03:21;22.8125;26.1875;-9.5625;Jab
21:03:21;6.6250;15.8125;-10.4375;Jab
21:03:21;1.0000;9.9375;-14.4375;Jab
21:03:21;358.2500;4.8750;-17.7500;Jab
21:03:21;358.5625;0.5625;-17.6875;Jab
21:03:21;358.6250;-2.7500;-16.8750;Jab
21:03:21;358.4375;-4.6875;-16.0625;Jab
21:03:21;141.0000;-6.1250;-12.5625;Jab
21:03:21;141.7500;-6.1875;-8.8125;Jab
21:03:21;142.7500;-6.2500;-7.7500;Jab
21:03:22;142.2500;-5.3125;-6.1250;Jab
21:03:22;142.0000;-4.6250;-4.6875;Jab
21:03:22;141.7500;-2.9375;-5.0000;Jab
21:03:22;141.2500;-2.6250;-4.2500;Jab
21:03:22;140.8750;-2.0000;-2.8750;Jab
21:03:22;140.4375;-1.8125;-1.5000;Jab
21:03:22;140.0000;-1.5625;-1.0000;Jab
21:03:22;139.4375;-1.3125;-0.6250;Jab
21:03:22;138.8750;-1.1875;-0.3750;Jab
21:03:22;138.5625;-1.0625;-0.1250;Jab
21:03:23;138.0625;-1.0000;0.0000;Jab
21:03:23;137.5625;-0.9375;0.1875;Jab
21:03:23;137.0625;-0.8750;0.3125;Jab
21:03:23;136.5625;-0.8125;0.3750;Jab
21:03:23;136.3125;-0.7500;0.4375;Jab
21:03:23;135.6875;-0.7500;0.5625;Jab
21:03:23;135.1875;-0.6875;0.5625;Jab
21:03:23;134.9375;-0.6875;0.6250;Jab
21:03:23;134.6250;-0.6250;0.6875;Jab
21:03:23;134.3125;-0.6250;0.7500;Jab
21:03:24;134.0625;-0.6250;0.7500;Jab
21:03:24;133.8125;-0.5625;0.8125;Jab
21:03:24;133.6250;-0.5625;0.8125;Jab
21:03:24;133.5000;-0.5625;0.8750;Jab
21:03:24;133.1875;-0.5625;0.8750;Jab
21:03:24;132.9375;-0.5000;0.8750;Jab
21:03:24;132.7500;-0.5000;0.8750;Jab
21:03:24;132.7500;-0.5000;0.8750;Jab
21:03:24;132.6875;-0.5000;0.8750;Jab
21:03:24;132.5625;-0.5000;0.8750;Jab
21:03:25;132.5625;-0.5000;0.8750;Jab
21:03:25;132.5000;-0.5000;0.8750;Jab
21:03:25;132.4375;-0.5000;0.8750;Jab
21:03:25;132.4375;-0.5000;0.8750;Jab
21:03:25;132.4375;-0.5000;0.8750;Jab
21:03:25;132.4375;-0.5000;0.8750;Jab
21:03:25;132.4375;-0.5000;0.8750;Jab
21:03:25;132.4375;-0.5000;0.8750;Jab
21:03:25;132.4375;-0.5000;0.8750;Jab
21:03:25;132.4375;-0.5000;0.8750;Jab
21:03:26;132.4375;-0.5000;0.8750;Jab
21:03:26;132.4375;-0.5000;0.8750;Jab
21:03:26;132.4375;-0.5000;0.8750;Jab
21:03:26;132.4375;-0.5000;0.8750;Jab
21:03:26;132.4375;-0.5000;0.8750;Jab
21:04:05;0.0000;0.0000;0.0000;Jab
21:04:05;0.0000;0.0000;0.0000;Jab
21:04:05;0.0000;0.0000;0.0000;Jab
21:04:05;0.0000;0.0000;0.0000;Jab
21:04:05;0.0000;0.0000;0.0000;Jab
21:04:05;0.0000;0.0000;0.0000;Jab
21:04:05;82.8125;5.0000;-71.8750;Jab
21:04:06;83.7500;4.0625;-71.7500;Jab
21:04:06;85.5000;2.8750;-73.1875;Jab
21:04:06;86.4375;1.6250;-73.8125;Jab
21:04:06;88.1875;0.8750;-75.6875;Jab
21:04:06;90.8125;0.0000;-79.1875;Jab
21:04:06;92.8750;-0.1250;-82.6250;Jab
21:04:06;93.0000;1.4375;-85.3125;Jab
21:04:06;92.1875;3.6875;-88.3750;Jab
21:04:06;88.6250;8.5000;-90.8125;Jab
21:04:06;81.6250;14.1875;-92.3125;Jab
21:04:07;70.8125;23.1250;-89.0000;Jab
21:04:07;58.0000;34.1250;-81.7500;Jab
21:04:07;48.4375;46.4375;-64.3750;Jab
21:04:07;172.5000;50.5000;-41.2500;Jab
21:04:07;165.3125;58.3750;-20.4375;Jab
21:04:07;153.5625;57.3750;0.1875;Jab
21:04:07;141.7500;46.6250;5.6875;Jab
21:04:07;133.3750;34.9375;-4.0000;Jab
21:04:07;127.5625;24.2500;-13.0625;Jab
21:04:07;127.0625;14.9375;-12.4375;Jab
21:04:08;126.3125;8.8750;-12.0625;Jab
21:04:08;126.4375;3.5000;-11.6250;Jab
21:04:08;127.3125;0.9375;-9.5000;Jab
21:04:08;128.8125;-0.5625;-8.0625;Jab
21:04:08;130.0625;-2.0000;-7.5000;Jab
21:04:08;131.8125;-2.2500;-6.9375;Jab
21:04:08;132.7500;-2.1250;-5.9375;Jab
21:04:08;133.2500;-1.8750;-4.0625;Jab
21:04:08;133.3125;-1.9375;-2.5625;Jab
21:04:09;134.0000;-1.4375;-2.5625;Jab
21:04:09;134.5000;-0.7500;-1.5000;Jab
21:04:09;134.9375;0.0000;-1.2500;Jab
21:04:09;134.6250;0.0000;-0.5000;Jab
21:04:09;134.3125;0.0000;0.0625;Jab
21:04:09;134.0625;0.0000;0.4375;Jab
21:04:09;134.2500;0.0000;0.5625;Jab
21:04:09;134.6875;0.0000;0.6250;Jab
21:04:09;135.0000;0.8125;1.8125;Jab
21:04:09;135.0000;1.1250;0.5000;Jab
21:04:10;135.1875;1.0625;0.5625;Jab
21:04:10;135.2500;1.0000;0.5625;Jab
21:04:10;135.3125;0.9375;0.6250;Jab
21:04:10;135.3750;0.8125;0.7500;Jab
21:04:10;135.4375;0.7500;0.8125;Jab
21:04:10;135.5000;0.6875;0.8750;Jab
21:04:10;135.5000;0.6250;0.9375;Jab
21:04:10;135.5625;0.5625;0.9375;Jab
21:04:10;135.6250;0.5625;1.0000;Jab
21:04:10;135.6875;0.5000;1.0000;Jab
21:04:11;135.6875;0.4375;1.0625;Jab
21:04:11;135.8125;0.4375;1.0625;Jab
21:04:11;135.8750;0.3750;1.1250;Jab
21:04:11;135.9375;0.3750;1.1250;Jab
21:04:11;135.9375;0.3750;1.1250;Jab
21:04:11;136.0000;0.3125;1.1875;Jab
21:04:11;136.0000;0.3125;1.1875;Jab
21:04:11;136.0000;0.3125;1.1875;Jab
21:04:11;135.9375;0.3125;1.1875;Jab
21:04:11;136.0000;0.2500;1.2500;Jab
21:04:12;136.0000;0.2500;1.2500;Jab
21:04:12;136.0000;0.2500;1.2500;Jab
21:04:12;136.1250;0.2500;1.2500;Jab
21:04:12;136.0625;0.2500;1.2500;Jab
21:04:12;136.2500;0.2500;1.2500;Jab
21:04:12;136.2500;0.2500;1.2500;Jab
21:04:12;136.2500;0.2500;1.2500;Jab
21:04:12;136.3125;0.2500;1.2500;Jab
21:04:49;0.0000;0.0000;0.0000;Jab
21:04:49;0.0000;0.0000;0.0000;Jab
21:04:49;0.0000;0.0000;0.0000;Jab
21:04:50;0.0000;0.0000;0.0000;Jab
21:04:50;0.0000;0.0000;0.0000;Jab
21:04:50;0.0000;0.0000;0.0000;Jab
21:04:50;74.3750;4.3125;-75.4375;Jab
21:04:50;73.9375;5.5000;-70.9375;Jab
21:04:50;73.6250;5.8750;-67.5625;Jab
21:04:50;74.1875;6.1250;-68.6875;Jab
21:04:50;76.1875;5.7500;-70.6250;Jab
21:04:50;78.0625;4.8750;-71.0625;Jab
21:04:50;81.4375;3.4375;-71.3125;Jab
21:04:51;84.3750;2.4375;-71.5625;Jab
21:04:51;86.6875;1.9375;-71.2500;Jab
21:04:51;87.3750;2.6250;-70.4375;Jab
21:04:51;86.4375;3.5000;-69.5625;Jab
21:04:51;84.1875;5.3750;-67.8125;Jab
21:04:51;80.9375;7.8750;-65.6250;Jab
21:04:51;75.0000;12.5000;-64.3750;Jab
21:04:51;65.8125;18.9375;-59.8750;Jab
21:04:51;57.3125;24.0625;-51.2500;Jab
21:04:51;50.6875;27.3125;-37.1250;Jab
21:04:52;159.0000;27.3750;-34.0000;Jab
21:04:52;149.6250;30.3750;-28.8750;Jab
21:04:52;137.3125;29.7500;-22.3125;Jab
21:04:52;121.5625;24.3125;-19.8125;Jab
21:04:52;113.6875;20.2500;-19.7500;Jab
21:04:52;112.1875;16.0000;-18.6250;Jab
21:04:52;110.7500;12.1875;-18.5625;Jab
21:04:52;110.5000;9.5000;-18.5625;Jab
21:04:52;111.0625;7.3750;-16.6875;Jab
21:04:52;113.7500;6.3125;-15.6875;Jab
21:04:53;117.4375;4.3125;-12.8125;Jab
21:04:53;120.0625;3.8125;-9.8125;Jab
21:04:53;121.6875;4.3125;-6.6250;Jab
21:04:53;122.5625;5.4375;-4.6250;Jab
21:04:53;122.1875;7.8125;-4.5000;Jab
21:04:53;122.7500;8.3750;-4.2500;Jab
21:04:53;123.2500;6.2500;-2.5000;Jab
21:04:53;123.5625;6.0625;-2.3750;Jab
21:04:53;123.9375;4.8125;-1.5625;Jab
21:04:53;124.3125;3.6875;-0.8750;Jab
21:04:54;124.6250;3.0000;-0.4375;Jab
21:04:54;124.8750;2.5000;-0.1250;Jab
21:04:54;125.0000;2.1250;0.0625;Jab
21:04:54;125.1250;1.8125;0.2500;Jab
21:04:54;125.1875;1.5625;0.3750;Jab
21:04:54;125.4375;1.4375;0.5000;Jab
21:04:54;125.6875;1.2500;0.5625;Jab
21:04:54;125.8125;1.1250;0.6250;Jab
21:04:54;126.1875;1.0625;0.6875;Jab
21:04:54;126.5000;0.9375;0.7500;Jab
21:04:55;126.6875;0.8750;0.7500;Jab
21:04:55;126.8125;0.8125;0.8125;Jab
21:04:55;127.0625;0.7500;0.8750;Jab
21:04:55;127.1250;0.6875;0.8750;Jab
21:04:55;127.2500;0.6875;0.9375;Jab
21:04:55;127.1875;0.6250;0.9375;Jab
21:04:55;127.1875;0.5625;0.9375;Jab
21:04:55;127.1875;0.5625;1.0000;Jab
21:04:55;127.3125;0.5000;1.0000;Jab
21:04:55;127.5625;0.5000;1.0000;Jab
21:04:56;127.6250;0.4375;1.0000;Jab
21:04:56;127.6250;0.4375;1.0625;Jab
21:04:56;127.7500;0.3750;1.0625;Jab
21:04:56;127.8750;0.3750;1.0625;Jab
21:04:56;128.0000;0.3750;1.0625;Jab
21:04:56;128.0000;0.3750;1.0625;Jab
21:04:56;128.0000;0.3750;1.0625;Jab
21:06:59;0.0000;0.0000;0.0000;Jab
21:06:59;0.0000;0.0000;0.0000;Jab
21:06:59;0.0000;0.0000;0.0000;Jab
21:06:59;0.0000;0.0000;0.0000;Jab
21:06:59;0.0000;0.0000;0.0000;Jab
21:06:59;0.0000;0.0000;0.0000;Jab
21:06:59;82.1250;2.7500;-74.0625;Jab
21:06:59;82.0000;3.8750;-70.9375;Jab
21:07:00;82.0000;4.1875;-68.9375;Jab
21:07:00;81.8125;4.6250;-66.9375;Jab
21:07:00;81.6250;5.1250;-65.3750;Jab
21:07:00;81.0625;5.3125;-64.1875;Jab
21:07:00;250.0625;4.5625;-63.5000;Jab
21:07:00;251.2500;4.5000;-62.5000;Jab
21:07:00;254.0625;4.0000;-63.3750;Jab
21:07:00;256.0625;4.0625;-64.0625;Jab
21:07:00;257.5625;4.0000;-64.1875;Jab
21:07:01;258.3125;4.1250;-63.5625;Jab
21:07:01;258.3750;5.3750;-63.3125;Jab
21:07:01;258.3750;7.0000;-64.6875;Jab
21:07:01;258.7500;8.1875;-66.8125;Jab
21:07:01;259.2500;8.1250;-70.3750;Jab
21:07:01;258.1250;9.8125;-73.6875;Jab
21:07:01;254.4375;12.9375;-76.6875;Jab
21:07:01;248.9375;17.6875;-77.8750;Jab
21:07:01;242.0000;27.8125;-72.3750;Jab
21:07:01;235.2500;42.3750;-61.9375;Jab
21:07:02;225.0000;55.5625;-37.1250;Jab
21:07:02;213.8125;57.4375;-2.3750;Jab
21:07:02;197.8750;53.3125;22.5625;Jab
21:07:02;177.3125;42.0625;29.8125;Jab
21:07:02;165.0625;31.9375;18.0000;Jab
21:07:02;157.1250;24.1875;-4.1250;Jab
21:07:02;154.1875;16.8750;-16.0000;Jab
21:07:02;154.5000;11.9375;-20.8750;Jab
21:07:02;156.9375;10.2500;-19.6250;Jab
21:07:02;157.6250;6.8750;-21.7500;Jab
21:07:03;158.8750;3.4375;-23.1875;Jab
21:07:03;159.0625;1.3750;-22.3750;Jab
21:07:03;159.0625;0.2500;-21.1250;Jab
21:07:03;160.0000;-0.3750;-22.4375;Jab
21:07:03;158.1875;-1.2500;-20.2500;Jab
21:07:03;156.8125;-1.0000;-15.8750;Jab
21:07:03;155.6250;-0.2500;-10.7500;Jab
21:07:03;155.3125;0.1875;-5.8125;Jab
21:07:03;154.5000;0.8125;-3.0000;Jab
21:07:03;153.3750;0.8125;-1.7500;Jab
21:07:04;152.3125;0.5625;-0.8125;Jab
21:07:04;151.3125;0.5000;-0.5625;Jab
21:07:04;150.3750;0.5000;-0.8125;Jab
21:07:04;149.5625;0.4375;-0.6250;Jab
21:07:04;149.0000;0.3750;-0.3750;Jab
21:07:04;148.3750;0.3125;-0.2500;Jab
21:07:04;147.8125;0.2500;-0.0625;Jab
21:07:04;147.3125;0.2500;0.0000;Jab
21:07:04;146.6250;0.1875;0.1250;Jab
21:07:04;146.1250;0.1250;0.1875;Jab
21:07:05;145.6250;0.1250;0.2500;Jab
21:07:05;145.1250;0.1250;0.3125;Jab
21:07:05;144.7500;0.0625;0.3750;Jab
21:07:05;144.1250;0.0625;0.4375;Jab
21:07:05;144.0000;0.0625;0.5000;Jab
21:07:05;143.8125;0.0000;0.5625;Jab
21:07:05;143.5000;0.0000;0.5625;Jab
21:07:05;143.3750;0.0000;0.6250;Jab
21:07:05;143.0000;0.0000;0.6875;Jab
21:07:05;142.9375;0.0000;0.6875;Jab
21:07:06;142.6875;0.0000;0.7500;Jab
21:07:06;142.6250;0.0000;0.7500;Jab
21:07:06;142.4375;0.0000;0.7500;Jab
21:07:06;142.3750;0.0000;0.7500;Jab
21:07:06;142.3750;0.0000;0.7500;Jab
21:07:06;142.3125;0.0000;0.7500;Jab
21:07:06;142.2500;0.0000;0.7500;Jab
21:07:06;142.2500;0.0000;0.7500;Jab
21:07:06;142.2500;0.0000;0.7500;Jab
21:07:06;142.1875;0.0000;0.7500;Jab
21:07:07;142.1250;0.0000;0.7500;Jab
21:07:07;142.0625;0.0000;0.7500;Jab
21:07:07;142.0000;0.0000;0.7500;Jab
21:07:07;142.0000;0.0000;0.7500;Jab
21:07:07;142.0000;0.0000;0.7500;Jab
21:07:07;142.0000;0.0000;0.7500;Jab
21:07:07;142.0000;0.0000;0.7500;Jab
21:10:50;0.0000;0.0000;0.0000;Uppercut (gancho)
21:10:50;0.0000;0.0000;0.0000;Uppercut (gancho)
21:10:50;0.0000;0.0000;0.0000;Uppercut (gancho)
21:10:50;0.0000;0.0000;0.0000;Uppercut (gancho)
21:10:50;0.0000;0.0000;0.0000;Uppercut (gancho)
21:10:50;0.0000;0.0000;0.0000;Uppercut (gancho)
21:10:51;124.2500;71.0625;46.3750;Uppercut (gancho)
21:10:51;127.1875;70.8750;35.9375;Uppercut (gancho)
21:10:51;128.8750;70.7500;30.1250;Uppercut (gancho)
21:10:51;131.9375;70.4375;16.9375;Uppercut (gancho)
21:10:51;132.3750;70.2500;14.1875;Uppercut (gancho)
21:10:51;132.9375;70.0625;8.8125;Uppercut (gancho)
21:10:51;133.3750;70.4375;4.3750;Uppercut (gancho)
21:10:51;132.7500;71.5000;4.5625;Uppercut (gancho)
21:10:51;131.7500;72.7500;5.7500;Uppercut (gancho)
21:10:51;126.3125;73.0000;17.5000;Uppercut (gancho)
21:10:52;116.6250;70.6875;34.8750;Uppercut (gancho)
21:10:52;102.0000;63.1875;45.3750;Uppercut (gancho)
21:10:52;269.0625;54.2500;50.9375;Uppercut (gancho)
21:10:52;253.2500;45.3750;53.7500;Uppercut (gancho)
21:10:52;235.3750;34.9375;48.1875;Uppercut (gancho)
21:10:52;214.3125;22.5625;35.2500;Uppercut (gancho)
21:10:52;195.2500;12.8125;17.0000;Uppercut (gancho)
21:10:52;180.6250;7.5625;2.0000;Uppercut (gancho)
21:10:52;167.3750;7.6875;-8.4375;Uppercut (gancho)
21:10:52;160.0000;7.0625;-13.1250;Uppercut (gancho)
21:10:53;155.8750;4.6250;-16.8125;Uppercut (gancho)
21:10:53;153.3125;1.2500;-19.4375;Uppercut (gancho)
21:10:53;152.1250;-2.0625;-22.6875;Uppercut (gancho)
21:10:53;151.4375;-3.4375;-23.3125;Uppercut (gancho)
21:10:53;151.9375;-5.4375;-22.1250;Uppercut (gancho)
21:10:53;152.3125;-6.0625;-21.1875;Uppercut (gancho)
21:10:53;154.2500;-6.6875;-19.6250;Uppercut (gancho)
21:10:53;153.8125;-6.5625;-17.1250;Uppercut (gancho)
21:10:53;152.6250;-5.8125;-12.7500;Uppercut (gancho)
21:10:53;153.0000;-5.0000;-8.2500;Uppercut (gancho)
21:10:54;153.6250;-4.3125;-4.6875;Uppercut (gancho)
21:10:54;153.2500;-3.4375;-3.6875;Uppercut (gancho)
21:10:54;152.3125;-3.2500;-3.3125;Uppercut (gancho)
21:10:54;152.1875;-2.8125;-2.6250;Uppercut (gancho)
21:10:54;152.0000;-2.1250;-1.6875;Uppercut (gancho)
21:10:54;151.5625;-1.7500;-1.1875;Uppercut (gancho)
21:10:54;151.1875;-1.5000;-0.8125;Uppercut (gancho)
21:10:54;150.6875;-1.3750;-0.5625;Uppercut (gancho)
21:10:54;150.5625;-1.1875;-0.3750;Uppercut (gancho)
21:10:55;150.2500;-1.0625;-0.1875;Uppercut (gancho)
21:10:55;150.0000;-1.0000;-0.0625;Uppercut (gancho)
21:10:55;150.0000;-0.9375;0.0000;Uppercut (gancho)
21:10:55;149.6250;-0.8125;0.0625;Uppercut (gancho)
21:10:55;149.3750;-0.8125;0.1250;Uppercut (gancho)
21:10:55;149.2500;-0.7500;0.1875;Uppercut (gancho)
21:10:55;149.1250;-0.6875;0.2500;Uppercut (gancho)
21:10:55;148.9375;-0.6250;0.3125;Uppercut (gancho)
21:10:55;148.7500;-0.6250;0.3750;Uppercut (gancho)
21:10:55;148.5625;-0.5625;0.3750;Uppercut (gancho)
21:10:56;148.5000;-0.5625;0.4375;Uppercut (gancho)
21:10:56;148.3125;-0.5625;0.4375;Uppercut (gancho)
21:10:56;148.2500;-0.5000;0.5000;Uppercut (gancho)
21:10:56;148.1875;-0.5000;0.5000;Uppercut (gancho)
21:10:56;148.0625;-0.5000;0.5000;Uppercut (gancho)
21:10:56;148.0625;-0.4375;0.5625;Uppercut (gancho)
21:10:56;148.0000;-0.4375;0.5625;Uppercut (gancho)
21:10:56;148.0000;-0.4375;0.5625;Uppercut (gancho)
21:10:56;147.9375;-0.4375;0.5625;Uppercut (gancho)
21:10:56;147.9375;-0.4375;0.5625;Uppercut (gancho)
21:10:57;147.9375;-0.4375;0.5625;Uppercut (gancho)
21:10:57;147.9375;-0.4375;0.5625;Uppercut (gancho)
21:10:57;147.9375;-0.4375;0.5625;Uppercut (gancho)
21:10:57;147.9375;-0.4375;0.5625;Uppercut (gancho)
21:10:57;147.9375;-0.4375;0.5625;Uppercut (gancho)
21:10:57;147.9375;-0.4375;0.5625;Uppercut (gancho)
21:10:57;147.9375;-0.4375;0.5625;Uppercut (gancho)
21:10:57;147.9375;-0.4375;0.5625;Uppercut (gancho)
21:11:51;0.0000;0.0000;0.0000;Uppercut (gancho)
21:11:51;0.0000;0.0000;0.0000;Uppercut (gancho)
21:11:51;0.0000;0.0000;0.0000;Uppercut (gancho)
21:11:51;0.0000;0.0000;0.0000;Uppercut (gancho)
21:11:51;0.0000;0.0000;0.0000;Uppercut (gancho)
21:11:51;0.0000;0.0000;0.0000;Uppercut (gancho)
21:11:51;153.8750;83.3750;4.9375;Uppercut (gancho)
21:11:51;149.3750;82.1250;61.0625;Uppercut (gancho)
21:11:51;140.4375;76.5625;70.8750;Uppercut (gancho)
21:11:51;127.1250;65.7500;69.5000;Uppercut (gancho)
21:11:52;108.8125;48.2500;64.9375;Uppercut (gancho)
21:11:52;90.6250;25.5625;58.1250;Uppercut (gancho)
21:11:52;75.1250;4.8125;51.6875;Uppercut (gancho)
21:11:52;59.2500;-13.0000;41.3750;Uppercut (gancho)
21:11:52;43.2500;-27.3750;17.4375;Uppercut (gancho)
21:11:52;30.6250;-30.7500;-6.8750;Uppercut (gancho)
21:11:52;198.0000;-24.8750;-21.8125;Uppercut (gancho)
21:11:52;192.4375;-15.8750;-30.4375;Uppercut (gancho)
21:11:52;185.7500;-5.1875;-30.6875;Uppercut (gancho)
21:11:53;179.9375;-3.0625;-26.8750;Uppercut (gancho)
21:11:53;173.0000;-3.8750;-22.5625;Uppercut (gancho)
21:11:53;168.5625;-7.6250;-18.3125;Uppercut (gancho)
21:11:53;166.0625;-10.0625;-15.7500;Uppercut (gancho)
21:11:53;165.3125;-12.3750;-17.1875;Uppercut (gancho)
21:11:53;165.0000;-12.1875;-17.3125;Uppercut (gancho)
21:11:53;165.0000;-13.6875;-15.0625;Uppercut (gancho)
21:11:53;165.1250;-15.8125;-10.5000;Uppercut (gancho)
21:11:53;163.5000;-15.6250;-7.2500;Uppercut (gancho)
21:11:53;162.2500;-14.0625;-4.0000;Uppercut (gancho)
21:11:54;161.7500;-12.8125;-0.6250;Uppercut (gancho)
21:11:54;161.2500;-11.1250;2.3750;Uppercut (gancho)
21:11:54;160.2500;-11.0000;1.8125;Uppercut (gancho)
21:11:54;159.8750;-10.8125;1.1250;Uppercut (gancho)
21:11:54;159.3125;-9.3125;1.1250;Uppercut (gancho)
21:11:54;158.8750;-6.9375;1.2500;Uppercut (gancho)
21:11:54;158.0625;-5.1250;1.3750;Uppercut (gancho)
21:11:54;157.0625;-4.0625;1.3750;Uppercut (gancho)
21:11:54;156.1875;-3.3125;1.3750;Uppercut (gancho)
21:11:54;155.3125;-2.8125;1.4375;Uppercut (gancho)
21:11:55;154.5000;-2.4375;1.4375;Uppercut (gancho)
21:11:55;153.5625;-2.1250;1.4375;Uppercut (gancho)
21:11:55;152.7500;-1.9375;1.4375;Uppercut (gancho)
21:11:55;151.8750;-1.7500;1.4375;Uppercut (gancho)
21:11:55;151.1250;-1.6250;1.4375;Uppercut (gancho)
21:11:55;150.5000;-1.5000;1.4375;Uppercut (gancho)
21:11:55;150.0000;-1.3750;1.4375;Uppercut (gancho)
21:11:55;149.3125;-1.3125;1.4375;Uppercut (gancho)
21:11:55;148.8750;-1.2500;1.4375;Uppercut (gancho)
21:11:55;148.4375;-1.1875;1.5000;Uppercut (gancho)
21:11:56;148.0625;-1.1250;1.5000;Uppercut (gancho)
21:11:56;147.8125;-1.0625;1.5000;Uppercut (gancho)
21:11:56;147.3750;-1.0000;1.5000;Uppercut (gancho)
21:11:56;147.1875;-0.9375;1.5000;Uppercut (gancho)
21:11:56;146.8750;-0.9375;1.5000;Uppercut (gancho)
21:11:56;146.5000;-0.8750;1.5000;Uppercut (gancho)
21:11:56;146.3125;-0.8750;1.5000;Uppercut (gancho)
21:12:20;0.0000;0.0000;0.0000;Uppercut (gancho)
21:12:20;0.0000;0.0000;0.0000;Uppercut (gancho)
21:12:20;0.0000;0.0000;0.0000;Uppercut (gancho)
21:12:20;0.0000;0.0000;0.0000;Uppercut (gancho)
21:12:21;0.0000;0.0000;0.0000;Uppercut (gancho)
21:12:21;0.0000;0.0000;0.0000;Uppercut (gancho)
21:12:21;158.6875;74.5000;37.5625;Uppercut (gancho)
21:12:21;153.6250;75.7500;41.6875;Uppercut (gancho)
21:12:21;140.3125;76.6250;58.0625;Uppercut (gancho)
21:12:21;118.3125;71.8750;68.2500;Uppercut (gancho)
21:12:21;96.6875;65.5625;61.5625;Uppercut (gancho)
21:12:21;71.1250;57.3125;39.9375;Uppercut (gancho)
21:12:21;53.1250;48.0625;18.0625;Uppercut (gancho)
21:12:21;39.1250;36.5625;-3.9375;Uppercut (gancho)
21:12:22;27.4375;25.2500;-27.1250;Uppercut (gancho)
21:12:22;185.3125;19.4375;-40.7500;Uppercut (gancho)
21:12:22;179.8750;15.4375;-53.0000;Uppercut (gancho)
21:12:22;175.9375;12.9375;-60.5000;Uppercut (gancho)
21:12:22;172.8125;10.0625;-63.1250;Uppercut (gancho)
21:12:22;169.6250;8.2500;-58.1875;Uppercut (gancho)
21:12:22;166.1250;6.1875;-50.5000;Uppercut (gancho)
21:12:22;163.1875;3.3750;-43.3750;Uppercut (gancho)
21:12:22;160.6875;0.3125;-36.1250;Uppercut (gancho)
21:12:23;158.8750;-2.2500;-30.4375;Uppercut (gancho)
21:12:23;157.0625;-5.1250;-25.2500;Uppercut (gancho)
21:12:23;156.1250;-7.6250;-21.5625;Uppercut (gancho)
21:12:23;156.0000;-8.6250;-16.7500;Uppercut (gancho)
21:12:23;156.6875;-8.4375;-13.8750;Uppercut (gancho)
21:12:23;157.9375;-8.0000;-8.3750;Uppercut (gancho)
21:12:23;157.7500;-7.8750;-6.5625;Uppercut (gancho)
21:12:23;156.0000;-6.4375;-3.8125;Uppercut (gancho)
21:12:23;153.8750;-5.1875;-3.5000;Uppercut (gancho)
21:12:23;152.8125;-4.6250;-3.5625;Uppercut (gancho)
21:12:24;152.8125;-4.1875;-2.1875;Uppercut (gancho)
21:12:24;152.5000;-3.5000;-0.6250;Uppercut (gancho)
21:12:24;152.0000;-3.1250;-0.1875;Uppercut (gancho)
21:12:24;151.2500;-2.7500;1.0625;Uppercut (gancho)
21:12:24;150.9375;-2.3750;1.3750;Uppercut (gancho)
21:12:24;150.4375;-2.1250;1.6250;Uppercut (gancho)
21:12:24;150.0625;-1.9375;1.8125;Uppercut (gancho)
21:12:24;149.5625;-1.7500;2.0000;Uppercut (gancho)
21:12:24;149.0000;-1.6250;2.1250;Uppercut (gancho)
21:12:24;148.5000;-1.5625;2.1875;Uppercut (gancho)
21:12:25;148.2500;-1.4375;2.2500;Uppercut (gancho)
21:12:25;147.9375;-1.3750;2.3125;Uppercut (gancho)
21:12:25;147.6250;-1.3125;2.4375;Uppercut (gancho)
21:12:25;147.2500;-1.2500;2.4375;Uppercut (gancho)
21:12:25;147.0000;-1.1875;2.5000;Uppercut (gancho)
21:12:25;146.8125;-1.1250;2.5000;Uppercut (gancho)
21:12:25;146.6250;-1.1250;2.5625;Uppercut (gancho)
21:12:25;146.6250;-1.0625;2.5625;Uppercut (gancho)
21:12:25;146.2500;-1.0625;2.6250;Uppercut (gancho)
21:12:25;146.2500;-1.0000;2.6250;Uppercut (gancho)
21:12:26;146.1250;-1.0000;2.6875;Uppercut (gancho)
21:12:26;145.9375;-0.9375;2.6875;Uppercut (gancho)
21:12:26;145.7500;-0.9375;2.6875;Uppercut (gancho)
21:12:26;145.3750;-0.9375;2.6875;Uppercut (gancho)
21:12:26;145.3125;-0.8750;2.7500;Uppercut (gancho)
21:12:26;145.2500;-0.8750;2.7500;Uppercut (gancho)
21:12:26;145.1875;-0.8750;2.7500;Uppercut (gancho)
21:12:26;145.1875;-0.8750;2.7500;Uppercut (gancho)
21:12:26;145.1875;-0.8750;2.7500;Uppercut (gancho)
21:12:26;145.1875;-0.8750;2.7500;Uppercut (gancho)
21:12:27;145.1875;-0.8750;2.7500;Uppercut (gancho)
21:12:27;145.1875;-0.8750;2.7500;Uppercut (gancho)
21:13:02;0.0000;0.0000;0.0000;Uppercut (gancho)
21:13:03;0.0000;0.0000;0.0000;Uppercut (gancho)
21:13:03;0.0000;0.0000;0.0000;Uppercut (gancho)
21:13:03;0.0000;0.0000;0.0000;Uppercut (gancho)
21:13:03;0.0000;0.0000;0.0000;Uppercut (gancho)
21:13:03;0.0000;0.0000;0.0000;Uppercut (gancho)
21:13:03;318.6875;81.0625;39.6250;Uppercut (gancho)
21:13:03;318.1250;80.8125;40.8750;Uppercut (gancho)
21:13:03;316.6250;80.2500;41.7500;Uppercut (gancho)
21:13:03;311.3125;78.8750;45.8125;Uppercut (gancho)
21:13:04;300.8125;78.3750;50.6250;Uppercut (gancho)
21:13:04;287.0000;77.1250;51.8750;Uppercut (gancho)
21:13:04;263.0625;72.0000;49.3125;Uppercut (gancho)
21:13:04;237.1875;64.2500;38.7500;Uppercut (gancho)
21:13:04;215.5625;55.9375;26.7500;Uppercut (gancho)
21:13:04;201.5625;48.8750;11.8750;Uppercut (gancho)
21:13:04;189.0625;40.7500;-2.8750;Uppercut (gancho)
21:13:04;181.0625;34.0625;-15.6875;Uppercut (gancho)
21:13:04;173.1250;29.0000;-28.8125;Uppercut (gancho)
21:13:04;168.0000;25.1250;-39.6875;Uppercut (gancho)
21:13:05;164.5625;23.2500;-44.8125;Uppercut (gancho)
21:13:05;160.8125;22.4375;-46.8125;Uppercut (gancho)
21:13:05;157.3750;22.2500;-43.5000;Uppercut (gancho)
21:13:05;154.3750;20.5000;-37.0000;Uppercut (gancho)
21:13:05;149.6250;17.1875;-28.5000;Uppercut (gancho)
21:13:05;146.8750;11.6250;-21.1875;Uppercut (gancho)
21:13:05;145.9375;4.2500;-18.0625;Uppercut (gancho)
21:13:05;146.0625;2.8125;-12.2500;Uppercut (gancho)
21:13:05;145.2500;1.3750;-10.6250;Uppercut (gancho)
21:13:05;145.8750;-1.1875;-8.0000;Uppercut (gancho)
21:13:06;146.8750;-4.1875;-7.6875;Uppercut (gancho)
21:13:06;146.3750;-5.3750;-10.3125;Uppercut (gancho)
21:13:06;146.0000;-4.8125;-10.6875;Uppercut (gancho)
21:13:06;145.3750;-4.2500;-7.3750;Uppercut (gancho)
21:13:06;144.6875;-1.8750;-1.7500;Uppercut (gancho)
21:13:06;145.5000;-1.8750;-1.8125;Uppercut (gancho)
21:13:06;147.0625;-1.5625;-0.6250;Uppercut (gancho)
21:13:06;148.1250;-1.1250;0.0625;Uppercut (gancho)
21:13:06;147.7500;-1.1250;0.4375;Uppercut (gancho)
21:13:06;147.6875;-0.9375;1.3750;Uppercut (gancho)
21:13:07;147.5000;-0.8750;1.8125;Uppercut (gancho)
21:13:07;147.3750;-0.8125;2.2500;Uppercut (gancho)
21:13:07;147.1250;-0.7500;2.5000;Uppercut (gancho)
21:13:07;146.9375;-0.7500;2.6875;Uppercut (gancho)
21:13:07;146.8125;-0.6875;2.8750;Uppercut (gancho)
21:13:07;146.6250;-0.6875;3.0000;Uppercut (gancho)
21:13:07;146.5000;-0.6875;3.1250;Uppercut (gancho)
21:13:07;146.3125;-0.6250;3.2500;Uppercut (gancho)
21:13:07;146.1250;-0.6250;3.3750;Uppercut (gancho)
21:13:07;146.0625;-0.6250;3.3750;Uppercut (gancho)
21:13:08;145.9375;-0.6250;3.5000;Uppercut (gancho)
21:13:08;145.8125;-0.6250;3.5000;Uppercut (gancho)
21:13:55;0.0000;0.0000;0.0000;Uppercut (gancho)
21:13:55;0.0000;0.0000;0.0000;Uppercut (gancho)
21:13:55;0.0000;0.0000;0.0000;Uppercut (gancho)
21:13:55;0.0000;0.0000;0.0000;Uppercut (gancho)
21:13:55;0.0000;0.0000;0.0000;Uppercut (gancho)
21:13:55;0.0000;0.0000;0.0000;Uppercut (gancho)
21:13:56;62.7500;58.6875;-6.0625;Uppercut (gancho)
21:13:56;70.8125;58.8125;-3.9375;Uppercut (gancho)
21:13:56;78.0000;56.4375;-1.1250;Uppercut (gancho)
21:13:56;81.3125;56.9375;-1.4375;Uppercut (gancho)
21:13:56;84.1250;58.4375;-3.7500;Uppercut (gancho)
21:13:56;82.6875;58.8125;-3.1875;Uppercut (gancho)
21:13:56;271.1875;58.6875;-2.7500;Uppercut (gancho)
21:13:56;270.8750;58.6875;-2.0625;Uppercut (gancho)
21:13:56;269.5000;60.8125;0.0000;Uppercut (gancho)
21:13:56;266.3125;60.8125;3.6250;Uppercut (gancho)
21:13:57;262.6875;63.7500;9.1875;Uppercut (gancho)
21:13:57;254.2500;64.1250;15.1250;Uppercut (gancho)
21:13:57;239.3125;60.0625;19.3750;Uppercut (gancho)
21:13:57;221.6875;53.4375;18.0625;Uppercut (gancho)
21:13:57;199.6875;43.1875;7.7500;Uppercut (gancho)
21:13:57;179.3750;33.2500;-4.1250;Uppercut (gancho)
21:13:57;158.8125;25.5625;-20.6250;Uppercut (gancho)
21:13:57;142.0625;21.8125;-38.2500;Uppercut (gancho)
21:13:57;127.4375;22.0625;-55.1250;Uppercut (gancho)
21:13:58;118.0625;24.2500;-64.6875;Uppercut (gancho)
21:13:58;110.3125;27.0625;-66.9375;Uppercut (gancho)
21:13:58;103.6875;29.0000;-65.9375;Uppercut (gancho)
21:13:58;98.5625;31.8750;-59.8125;Uppercut (gancho)
21:13:58;97.4375;33.5000;-51.3750;Uppercut (gancho)
21:13:58;98.6875;32.0625;-39.5625;Uppercut (gancho)
21:13:58;102.0000;27.0000;-31.3750;Uppercut (gancho)
21:13:58;105.8125;22.5000;-25.8125;Uppercut (gancho)
21:13:58;109.3125;19.8125;-22.1250;Uppercut (gancho)
21:13:58;113.5000;17.3125;-20.1875;Uppercut (gancho)
21:13:59;117.8125;14.7500;-20.7500;Uppercut (gancho)
21:13:59;121.5625;12.3125;-24.0625;Uppercut (gancho)
21:13:59;123.5625;11.6875;-22.6250;Uppercut (gancho)
21:13:59;125.7500;9.0625;-21.3750;Uppercut (gancho)
21:13:59;128.6250;7.1875;-20.3125;Uppercut (gancho)
21:13:59;129.8750;7.0625;-19.8125;Uppercut (gancho)
21:13:59;130.6250;7.4375;-13.4375;Uppercut (gancho)
21:13:59;132.2500;8.4375;-7.3750;Uppercut (gancho)
21:13:59;134.1250;9.0000;0.6875;Uppercut (gancho)
21:13:59;135.0000;8.0000;0.8125;Uppercut (gancho)
21:14:00;136.0625;5.8750;0.8750;Uppercut (gancho)
21:14:00;137.3125;4.3125;0.8750;Uppercut (gancho)
21:14:00;138.0625;3.3750;0.8750;Uppercut (gancho)
21:14:00;138.8125;2.7500;0.8750;Uppercut (gancho)
21:14:00;139.5000;2.3125;0.9375;Uppercut (gancho)
21:14:00;140.3750;2.0000;0.9375;Uppercut (gancho)
21:14:00;141.1875;1.7500;0.9375;Uppercut (gancho)
21:14:00;141.9375;1.5625;0.9375;Uppercut (gancho)
21:14:00;142.6250;1.4375;0.9375;Uppercut (gancho)
21:14:00;143.2500;1.3125;0.9375;Uppercut (gancho)
21:14:01;143.8750;1.1875;0.9375;Uppercut (gancho)
21:14:01;144.4375;1.1250;0.9375;Uppercut (gancho)
21:14:01;145.0625;1.0625;0.9375;Uppercut (gancho)
21:14:01;145.5625;1.0000;0.9375;Uppercut (gancho)
21:14:01;145.9375;0.9375;0.9375;Uppercut (gancho)
21:14:01;146.5000;0.8750;0.9375;Uppercut (gancho)
21:14:01;146.8125;0.8125;0.8750;Uppercut (gancho)
21:14:01;147.1875;0.8125;0.9375;Uppercut (gancho)
21:14:01;147.5000;0.7500;0.8750;Uppercut (gancho)
21:14:01;147.5625;0.7500;0.8750;Uppercut (gancho)
21:14:02;147.6250;0.7500;0.8750;Uppercut (gancho)
21:14:02;147.8125;0.7500;0.8750;Uppercut (gancho)
21:14:02;148.0000;0.7500;0.8750;Uppercut (gancho)
21:14:02;148.1250;0.7500;0.8750;Uppercut (gancho)
21:14:27;0.0000;0.0000;0.0000;Uppercut (gancho)
21:14:27;0.0000;0.0000;0.0000;Uppercut (gancho)
21:14:27;0.0000;0.0000;0.0000;Uppercut (gancho)
21:14:27;0.0000;0.0000;0.0000;Uppercut (gancho)
21:14:28;0.0000;0.0000;0.0000;Uppercut (gancho)
21:14:28;0.0000;0.0000;0.0000;Uppercut (gancho)
21:14:28;149.5000;81.2500;40.9375;Uppercut (gancho)
21:14:28;148.8125;81.2500;43.0000;Uppercut (gancho)
21:14:28;147.5625;81.3750;42.6250;Uppercut (gancho)
21:14:28;146.4375;83.8125;4.8125;Uppercut (gancho)
21:14:28;142.5000;86.1250;176.2500;Uppercut (gancho)
21:14:28;132.6875;80.6250;154.8125;Uppercut (gancho)
21:14:28;96.8750;71.3750;118.1875;Uppercut (gancho)
21:14:29;65.5625;61.2500;74.1250;Uppercut (gancho)
21:14:29;48.9375;48.5625;48.4375;Uppercut (gancho)
21:14:29;242.1250;34.6250;37.4375;Uppercut (gancho)
21:14:29;236.2500;21.5000;29.2500;Uppercut (gancho)
21:14:29;232.6250;7.9375;21.3750;Uppercut (gancho)
21:14:29;232.8750;-8.2500;12.2500;Uppercut (gancho)
21:14:29;232.6250;-23.7500;2.7500;Uppercut (gancho)
21:14:29;227.3750;-39.2500;-19.7500;Uppercut (gancho)
21:14:29;218.4375;-40.6875;-51.6875;Uppercut (gancho)
21:14:29;208.1875;-28.1250;-62.8750;Uppercut (gancho)
21:14:30;200.3750;-14.3750;-67.2500;Uppercut (gancho)
21:14:30;191.4375;-4.0625;-57.9375;Uppercut (gancho)
21:14:30;182.5000;2.0000;-43.0625;Uppercut (gancho)
21:14:30;175.8125;0.2500;-32.2500;Uppercut (gancho)
21:14:30;172.8125;-3.1875;-24.0000;Uppercut (gancho)
21:14:30;172.9375;-9.9375;-21.4375;Uppercut (gancho)
21:14:30;174.3125;-14.3750;-18.8125;Uppercut (gancho)
21:14:30;172.9375;-17.7500;-16.3750;Uppercut (gancho)
21:14:30;172.5625;-19.6875;-11.1875;Uppercut (gancho)
21:14:30;172.0625;-19.5000;-8.5625;Uppercut (gancho)
21:14:31;171.0000;-18.5000;-5.9375;Uppercut (gancho)
21:14:31;169.3125;-17.8750;-2.1250;Uppercut (gancho)
21:14:31;168.0000;-15.7500;-0.3750;Uppercut (gancho)
21:14:31;167.0625;-14.1250;1.3750;Uppercut (gancho)
21:14:31;165.9375;-12.2500;2.1250;Uppercut (gancho)
21:14:31;165.0000;-11.8125;2.1875;Uppercut (gancho)
21:14:31;163.9375;-10.1875;1.9375;Uppercut (gancho)
21:14:31;163.0625;-8.7500;1.8750;Uppercut (gancho)
21:14:31;162.2500;-6.5000;1.6250;Uppercut (gancho)
21:14:31;161.1875;-4.8125;1.5625;Uppercut (gancho)
21:14:32;160.1250;-3.8125;1.4375;Uppercut (gancho)
21:14:32;158.9375;-3.1250;1.3750;Uppercut (gancho)
21:14:32;157.7500;-2.6250;1.3750;Uppercut (gancho)
21:14:32;156.6875;-2.3125;1.3125;Uppercut (gancho)
21:14:32;155.8125;-2.0000;1.3125;Uppercut (gancho)
21:14:32;154.8750;-1.8125;1.3125;Uppercut (gancho)
21:14:32;153.8750;-1.6250;1.2500;Uppercut (gancho)
21:14:32;152.9375;-1.5000;1.2500;Uppercut (gancho)
21:14:32;152.2500;-1.3750;1.2500;Uppercut (gancho)
21:14:32;151.3750;-1.2500;1.2500;Uppercut (gancho)
21:14:33;150.6250;-1.1875;1.1875;Uppercut (gancho)
21:14:33;150.0625;-1.1250;1.1875;Uppercut (gancho)
21:14:33;149.4375;-1.0000;1.1875;Uppercut (gancho)
21:14:33;149.1250;-0.9375;1.1875;Uppercut (gancho)
21:14:33;148.6875;-0.9375;1.1875;Uppercut (gancho)
21:14:33;148.2500;-0.8750;1.1875;Uppercut (gancho)
21:14:33;147.7500;-0.8125;1.1875;Uppercut (gancho)
21:14:33;147.1875;-0.7500;1.1250;Uppercut (gancho)
21:14:33;146.8750;-0.7500;1.1250;Uppercut (gancho)
21:14:33;146.4375;-0.7500;1.1250;Uppercut (gancho)
21:14:34;146.0625;-0.7500;1.1250;Uppercut (gancho)
21:14:34;145.7500;-0.7500;1.1250;Uppercut (gancho)
21:14:34;145.4375;-0.7500;1.1250;Uppercut (gancho)
21:14:34;145.3125;-0.7500;1.1250;Uppercut (gancho)
21:14:34;145.2500;-0.7500;1.1250;Uppercut (gancho)
21:14:34;145.1250;-0.7500;1.1250;Uppercut (gancho)
21:14:34;144.8125;-0.7500;1.1250;Uppercut (gancho)
21:14:34;144.6875;-0.7500;1.1250;Uppercut (gancho)
21:15:10;0.0000;0.0000;0.0000;Uppercut (gancho)
21:15:10;0.0000;0.0000;0.0000;Uppercut (gancho)
21:15:10;0.0000;0.0000;0.0000;Uppercut (gancho)
21:15:11;0.0000;0.0000;0.0000;Uppercut (gancho)
21:15:11;0.0000;0.0000;0.0000;Uppercut (gancho)
21:15:11;0.0000;0.0000;0.0000;Uppercut (gancho)
21:15:11;135.7500;82.1875;82.0000;Uppercut (gancho)
21:15:11;138.0625;81.8125;70.6875;Uppercut (gancho)
21:15:11;139.8750;81.5625;73.0625;Uppercut (gancho)
21:15:11;140.7500;82.2500;79.4375;Uppercut (gancho)
21:15:11;141.0000;82.4375;79.3125;Uppercut (gancho)
21:15:11;140.3750;82.1875;81.0000;Uppercut (gancho)
21:15:12;139.5000;81.3750;77.1250;Uppercut (gancho)
21:15:12;139.3750;81.0625;76.5625;Uppercut (gancho)
21:15:12;138.0000;79.8125;72.2500;Uppercut (gancho)
21:15:12;136.6250;78.8750;70.1250;Uppercut (gancho)
21:15:12;133.2500;77.3750;71.2500;Uppercut (gancho)
21:15:12;124.7500;73.5625;74.5000;Uppercut (gancho)
21:15:12;110.5625;66.8125;76.6875;Uppercut (gancho)
21:15:12;94.6250;57.6250;74.3125;Uppercut (gancho)
21:15:12;75.1250;45.5625;66.8750;Uppercut (gancho)
21:15:12;50.6250;27.2500;49.0625;Uppercut (gancho)
21:15:13;35.1250;13.0000;33.0000;Uppercut (gancho)
21:15:13;201.0625;5.0000;21.4375;Uppercut (gancho)
21:15:13;189.6250;1.7500;9.1250;Uppercut (gancho)
21:15:13;179.4375;1.5625;-2.7500;Uppercut (gancho)
21:15:13;169.6875;2.8125;-10.6875;Uppercut (gancho)
21:15:13;161.0000;3.5625;-14.3750;Uppercut (gancho)
21:15:13;157.3125;2.0625;-13.5625;Uppercut (gancho)
21:15:13;154.5000;0.8750;-13.2500;Uppercut (gancho)
21:15:13;152.8750;-1.0625;-11.9375;Uppercut (gancho)
21:15:13;152.0625;-2.8750;-10.8125;Uppercut (gancho)
21:15:14;151.0625;-4.2500;-13.4375;Uppercut (gancho)
21:15:14;149.8750;-4.1875;-14.8750;Uppercut (gancho)
21:15:14;150.8125;-3.9375;-15.5625;Uppercut (gancho)
21:15:14;151.5625;-6.1250;-13.0625;Uppercut (gancho)
21:15:14;150.2500;-5.5625;-9.0625;Uppercut (gancho)
21:15:14;149.7500;-3.6250;-2.1875;Uppercut (gancho)
21:15:14;149.3125;-2.9375;-0.8125;Uppercut (gancho)
21:15:14;148.9375;-2.8125;-0.6250;Uppercut (gancho)
21:15:14;148.5000;-2.5625;-0.7500;Uppercut (gancho)
21:15:14;148.0625;-2.1875;-0.4375;Uppercut (gancho)
21:15:15;147.6250;-1.9375;-0.2500;Uppercut (gancho)
21:15:15;147.0625;-1.7500;-0.0625;Uppercut (gancho)
21:15:15;146.6875;-1.5625;0.0000;Uppercut (gancho)
21:15:15;146.1875;-1.4375;0.0625;Uppercut (gancho)
21:15:15;145.8125;-1.3750;0.1875;Uppercut (gancho)
21:15:15;145.6250;-1.2500;0.2500;Uppercut (gancho)
21:15:15;145.3125;-1.1875;0.3125;Uppercut (gancho)
21:15:15;145.0625;-1.1250;0.3750;Uppercut (gancho)
21:15:15;144.8125;-1.0625;0.4375;Uppercut (gancho)
21:15:15;144.6250;-1.0000;0.5000;Uppercut (gancho)
21:15:16;144.1875;-0.9375;0.5000;Uppercut (gancho)
21:15:16;144.1875;-0.9375;0.5625;Uppercut (gancho)
21:15:16;143.8750;-0.8750;0.6250;Uppercut (gancho)
21:15:16;143.8750;-0.8125;0.6250;Uppercut (gancho)
21:15:16;143.7500;-0.8125;0.6875;Uppercut (gancho)
21:15:16;143.6875;-0.7500;0.6875;Uppercut (gancho)
21:15:16;143.3750;-0.7500;0.6875;Uppercut (gancho)
21:15:16;143.2500;-0.6875;0.6875;Uppercut (gancho)
21:15:16;143.2500;-0.6875;0.7500;Uppercut (gancho)
21:15:16;143.0625;-0.6250;0.7500;Uppercut (gancho)
21:15:17;142.9375;-0.6250;0.7500;Uppercut (gancho)
21:15:17;142.8750;-0.6250;0.7500;Uppercut (gancho)
21:15:17;142.7500;-0.6250;0.7500;Uppercut (gancho)
21:15:48;0.0000;0.0000;0.0000;Uppercut (gancho)
21:15:48;0.0000;0.0000;0.0000;Uppercut (gancho)
21:15:48;0.0000;0.0000;0.0000;Uppercut (gancho)
21:15:49;0.0000;0.0000;0.0000;Uppercut (gancho)
21:15:49;0.0000;0.0000;0.0000;Uppercut (gancho)
21:15:49;0.0000;0.0000;0.0000;Uppercut (gancho)
21:15:49;161.5625;85.0625;175.8125;Uppercut (gancho)
21:15:49;161.1250;84.9375;175.4375;Uppercut (gancho)
21:15:49;160.1250;84.5000;174.6875;Uppercut (gancho)
21:15:49;159.7500;84.1875;174.3125;Uppercut (gancho)
21:15:49;157.9375;82.9375;98.5625;Uppercut (gancho)
21:15:49;156.7500;81.9375;91.3125;Uppercut (gancho)
21:15:49;156.6250;81.7500;89.1875;Uppercut (gancho)
21:15:50;156.1875;81.3750;85.8750;Uppercut (gancho)
21:15:50;155.5000;81.2500;87.1875;Uppercut (gancho)
21:15:50;151.2500;80.7500;91.0000;Uppercut (gancho)
21:15:50;146.0625;79.3125;93.3750;Uppercut (gancho)
21:15:50;136.3750;75.2500;93.8125;Uppercut (gancho)
21:15:50;121.1250;68.7500;91.5625;Uppercut (gancho)
21:15:50;96.7500;59.5000;76.3125;Uppercut (gancho)
21:15:50;76.1875;51.0000;60.0000;Uppercut (gancho)
21:15:50;59.4375;40.5625;40.1250;Uppercut (gancho)
21:15:50;49.1250;30.5625;23.2500;Uppercut (gancho)
21:15:51;40.7500;19.8750;7.7500;Uppercut (gancho)
21:15:51;31.3750;10.0000;-8.7500;Uppercut (gancho)
21:15:51;22.3125;5.6250;-19.3750;Uppercut (gancho)
21:15:51;13.5625;6.3125;-21.6250;Uppercut (gancho)
21:15:51;5.5625;7.0000;-19.5625;Uppercut (gancho)
21:15:51;359.3750;6.8125;-16.1875;Uppercut (gancho)
21:15:51;357.1875;3.3750;-13.1875;Uppercut (gancho)
21:15:51;355.9375;1.9375;-10.0625;Uppercut (gancho)
21:15:51;147.6875;0.8125;-7.0625;Uppercut (gancho)
21:15:51;147.5625;-1.2500;-5.8750;Uppercut (gancho)
21:15:52;147.6875;-3.5625;-5.8125;Uppercut (gancho)
21:15:52;147.5625;-7.0000;-8.1875;Uppercut (gancho)
21:15:52;147.3750;-8.5000;-9.3750;Uppercut (gancho)
21:15:52;147.2500;-8.7500;-9.5000;Uppercut (gancho)
21:15:52;147.5000;-8.3750;-9.2500;Uppercut (gancho)
21:15:52;147.5625;-7.0625;-7.2500;Uppercut (gancho)
21:15:52;147.0000;-6.2500;-3.9375;Uppercut (gancho)
21:15:52;146.4375;-5.5625;-0.8125;Uppercut (gancho)
21:15:52;146.4375;-4.5625;-0.0625;Uppercut (gancho)
21:15:53;146.0000;-3.6250;1.0000;Uppercut (gancho)
21:15:53;146.0625;-2.6250;2.1875;Uppercut (gancho)
21:15:53;146.1875;-2.2500;2.0625;Uppercut (gancho)
21:15:53;146.1250;-1.8750;2.0625;Uppercut (gancho)
21:15:53;145.9375;-1.6875;1.9375;Uppercut (gancho)
21:15:53;145.9375;-1.6250;1.9375;Uppercut (gancho)
21:15:53;145.6875;-1.3125;0.8750;Uppercut (gancho)
21:15:53;145.5625;-1.3125;0.8125;Uppercut (gancho)
21:15:53;145.3750;-1.1875;0.8125;Uppercut (gancho)
21:15:53;145.3125;-1.1250;0.8750;Uppercut (gancho)
21:15:54;145.3125;-1.0625;0.9375;Uppercut (gancho)
21:15:54;145.1875;-1.0000;0.9375;Uppercut (gancho)
21:15:54;145.1250;-0.9375;0.9375;Uppercut (gancho)
21:15:54;145.0625;-0.9375;0.9375;Uppercut (gancho)
21:15:54;145.0625;-0.8750;1.0000;Uppercut (gancho)
21:15:54;145.0000;-0.8125;1.0000;Uppercut (gancho)
21:15:54;144.9375;-0.8125;1.0000;Uppercut (gancho)
21:15:54;144.8125;-0.7500;1.0000;Uppercut (gancho)
21:15:54;144.8125;-0.7500;1.0000;Uppercut (gancho)
21:15:54;144.7500;-0.7500;1.0000;Uppercut (gancho)
21:15:55;144.7500;-0.7500;1.0000;Uppercut (gancho)
21:15:55;144.7500;-0.7500;1.0000;Uppercut (gancho)
21:15:55;144.6875;-0.7500;1.0000;Uppercut (gancho)
21:15:55;144.6875;-0.7500;1.0000;Uppercut (gancho)
21:15:55;144.6875;-0.7500;1.0000;Uppercut (gancho)
21:15:55;144.6250;-0.7500;1.0000;Uppercut (gancho)
21:15:55;144.5625;-0.7500;1.0000;Uppercut (gancho)
21:15:55;144.5625;-0.7500;1.0000;Uppercut (gancho)
21:15:55;144.5625;-0.7500;1.0000;Uppercut (gancho)
21:15:55;144.5625;-0.7500;1.0000;Uppercut (gancho)
21:15:56;144.5625;-0.7500;1.0000;Uppercut (gancho)
21:15:56;144.5625;-0.7500;1.0000;Uppercut (gancho)
21:15:56;144.5625;-0.7500;1.0000;Uppercut (gancho)
21:15:56;144.5625;-0.7500;1.0000;Uppercut (gancho)
21:15:56;144.5625;-0.7500;1.0000;Uppercut (gancho)
21:16:47;0.0000;0.0000;0.0000;Uppercut (gancho)
21:16:47;0.0000;0.0000;0.0000;Uppercut (gancho)
21:16:48;0.0000;0.0000;0.0000;Uppercut (gancho)
21:16:48;0.0000;0.0000;0.0000;Uppercut (gancho)
21:16:48;0.0000;0.0000;0.0000;Uppercut (gancho)
21:16:48;0.0000;0.0000;0.0000;Uppercut (gancho)
21:16:48;121.5000;69.5625;49.8750;Uppercut (gancho)
21:16:48;124.3750;69.1875;50.3125;Uppercut (gancho)
21:16:48;125.5625;67.5000;47.0625;Uppercut (gancho)
21:16:48;124.8750;66.9375;45.0000;Uppercut (gancho)
21:16:48;122.7500;67.0625;45.0000;Uppercut (gancho)
21:16:48;295.1875;65.2500;45.0000;Uppercut (gancho)
21:16:49;290.8125;64.0625;45.7500;Uppercut (gancho)
21:16:49;281.6250;61.8125;41.0000;Uppercut (gancho)
21:16:49;267.1250;57.5625;31.0000;Uppercut (gancho)
21:16:49;256.1875;54.1875;25.8750;Uppercut (gancho)
21:16:49;245.1250;50.6875;17.3125;Uppercut (gancho)
21:16:49;233.6250;47.5000;7.2500;Uppercut (gancho)
21:16:49;223.1875;45.8750;0.0000;Uppercut (gancho)
21:16:49;213.7500;43.0625;-8.3125;Uppercut (gancho)
21:16:49;206.6250;37.9375;-15.6250;Uppercut (gancho)
21:16:49;201.3125;30.2500;-23.5625;Uppercut (gancho)
21:16:50;197.8125;22.0625;-29.8750;Uppercut (gancho)
21:16:50;193.6875;15.1250;-39.0000;Uppercut (gancho)
21:16:50;186.1250;9.1875;-56.6250;Uppercut (gancho)
21:16:50;179.6250;5.4375;-79.4375;Uppercut (gancho)
21:16:50;174.0625;5.0625;-96.1875;Uppercut (gancho)
21:16:50;169.0625;6.1250;-104.8750;Uppercut (gancho)
21:16:50;162.8125;8.7500;-98.3125;Uppercut (gancho)
21:16:50;151.8750;13.6250;-80.1875;Uppercut (gancho)
21:16:50;145.9375;13.8125;-61.6875;Uppercut (gancho)
21:16:50;145.3125;12.8750;-41.9375;Uppercut (gancho)
21:16:51;145.3125;12.3750;-32.2500;Uppercut (gancho)
21:16:51;146.5625;10.9375;-26.5625;Uppercut (gancho)
21:16:51;146.9375;10.3750;-22.7500;Uppercut (gancho)
21:16:51;147.3750;8.7500;-22.3750;Uppercut (gancho)
21:16:51;147.6875;7.5000;-21.9375;Uppercut (gancho)
21:16:51;148.9375;5.7500;-19.7500;Uppercut (gancho)
21:16:51;149.3750;5.7500;-17.8750;Uppercut (gancho)
21:16:51;149.8125;6.1250;-16.3750;Uppercut (gancho)
21:16:51;149.6875;8.0000;-15.6875;Uppercut (gancho)
21:16:52;149.3125;7.1250;-13.5000;Uppercut (gancho)
21:16:52;149.3125;5.3125;-9.4375;Uppercut (gancho)
21:16:52;149.1875;3.9375;-6.5625;Uppercut (gancho)
21:16:52;149.1875;2.9375;-4.5000;Uppercut (gancho)
21:16:52;148.9375;2.2500;-3.1875;Uppercut (gancho)
21:16:52;148.8750;1.8125;-2.3750;Uppercut (gancho)
21:16:52;148.7500;1.5000;-1.8125;Uppercut (gancho)
21:16:52;148.6875;1.3125;-1.3750;Uppercut (gancho)
21:16:52;148.5625;1.1250;-1.0625;Uppercut (gancho)
21:16:52;148.4375;1.0000;-0.8750;Uppercut (gancho)
21:16:53;148.4375;0.8750;-0.6250;Uppercut (gancho)
21:16:53;148.1875;0.8125;-0.5000;Uppercut (gancho)
21:16:53;148.1250;0.7500;-0.3750;Uppercut (gancho)
21:16:53;148.0000;0.6875;-0.2500;Uppercut (gancho)
21:16:53;148.0000;0.6250;-0.1250;Uppercut (gancho)
21:16:53;147.8750;0.5625;-0.0625;Uppercut (gancho)
21:16:53;147.8750;0.5625;0.0000;Uppercut (gancho)
21:16:53;147.8750;0.5625;0.0000;Uppercut (gancho)
21:16:53;147.8750;0.5000;0.0000;Uppercut (gancho)
21:16:53;147.8125;0.5000;0.1250;Uppercut (gancho)
21:16:54;147.8125;0.4375;0.1250;Uppercut (gancho)
21:16:54;147.8125;0.4375;0.1875;Uppercut (gancho)
21:16:54;147.6875;0.4375;0.2500;Uppercut (gancho)
21:16:54;147.6250;0.4375;0.2500;Uppercut (gancho)
21:16:54;147.6250;0.3750;0.3125;Uppercut (gancho)
21:16:54;147.6250;0.3750;0.3125;Uppercut (gancho)
21:16:54;147.5625;0.3750;0.3125;Uppercut (gancho)
21:16:54;147.5000;0.3750;0.3750;Uppercut (gancho)
21:16:54;147.4375;0.3750;0.3750;Uppercut (gancho)
21:16:54;147.3750;0.3750;0.3750;Uppercut (gancho)
21:16:55;147.3750;0.3125;0.3750;Uppercut (gancho)
21:16:55;147.3750;0.3125;0.4375;Uppercut (gancho)
21:16:55;147.3750;0.3125;0.4375;Uppercut (gancho)
21:16:55;147.3750;0.3125;0.4375;Uppercut (gancho)
21:16:55;147.3750;0.3125;0.4375;Uppercut (gancho)
21:16:55;147.3750;0.3125;0.4375;Uppercut (gancho)
21:16:55;147.3750;0.3125;0.4375;Uppercut (gancho)
21:16:55;147.3750;0.3125;0.4375;Uppercut (gancho)
21:16:55;147.3750;0.3125;0.4375;Uppercut (gancho)
21:16:55;147.3750;0.3125;0.4375;Uppercut (gancho)
21:16:56;147.3750;0.3125;0.4375;Uppercut (gancho)
21:16:56;147.3750;0.3125;0.4375;Uppercut (gancho)
21:16:56;147.3750;0.3125;0.4375;Uppercut (gancho)
21:16:56;147.3750;0.3125;0.4375;Uppercut (gancho)
21:16:56;147.3750;0.3125;0.4375;Uppercut (gancho)
21:16:56;147.3750;0.3125;0.4375;Uppercut (gancho)
21:17:43;0.0000;0.0000;0.0000;Uppercut (gancho)
21:17:43;0.0000;0.0000;0.0000;Uppercut (gancho)
21:17:43;0.0000;0.0000;0.0000;Uppercut (gancho)
21:17:43;0.0000;0.0000;0.0000;Uppercut (gancho)
21:17:43;0.0000;0.0000;0.0000;Uppercut (gancho)
21:17:43;0.0000;0.0000;0.0000;Uppercut (gancho)
21:17:43;114.1875;69.0000;77.8750;Uppercut (gancho)
21:17:44;121.8750;72.6250;79.2500;Uppercut (gancho)
21:17:44;129.0625;74.7500;80.2500;Uppercut (gancho)
21:17:44;134.3125;76.4375;79.2500;Uppercut (gancho)
21:17:44;140.1250;77.2500;74.1875;Uppercut (gancho)
21:17:44;145.5000;77.1250;68.4375;Uppercut (gancho)
21:17:44;152.0625;77.3125;63.8125;Uppercut (gancho)
21:17:44;158.1875;77.7500;54.6250;Uppercut (gancho)
21:17:44;163.5625;78.1250;41.3750;Uppercut (gancho)
21:17:44;166.8750;77.8750;32.1250;Uppercut (gancho)
21:17:44;168.8125;77.3750;20.5000;Uppercut (gancho)
21:17:45;169.0625;77.1250;12.6250;Uppercut (gancho)
21:17:45;167.6250;78.0000;6.8125;Uppercut (gancho)
21:17:45;160.3125;79.0625;14.8125;Uppercut (gancho)
21:17:45;150.3750;79.8125;18.5625;Uppercut (gancho)
21:17:45;134.6250;81.7500;28.6875;Uppercut (gancho)
21:17:45;113.5000;81.1250;40.0625;Uppercut (gancho)
21:17:45;93.5625;78.6875;38.8750;Uppercut (gancho)
21:17:45;73.6875;75.9375;29.2500;Uppercut (gancho)
21:17:45;58.1250;72.3125;17.6250;Uppercut (gancho)
21:17:45;46.5625;68.1250;6.9375;Uppercut (gancho)
21:17:46;36.0625;63.5625;-3.2500;Uppercut (gancho)
21:17:46;27.8125;60.3750;-8.8750;Uppercut (gancho)
21:17:46;211.0000;58.5000;-10.2500;Uppercut (gancho)
21:17:46;202.5625;57.2500;-14.0000;Uppercut (gancho)
21:17:46;195.2500;53.6250;-21.8125;Uppercut (gancho)
21:17:46;189.4375;48.1875;-27.0000;Uppercut (gancho)
21:17:46;183.8125;42.3125;-27.8750;Uppercut (gancho)
21:17:46;179.5000;35.5625;-29.3125;Uppercut (gancho)
21:17:46;177.0625;29.0625;-33.1875;Uppercut (gancho)
21:17:46;174.4375;23.0000;-40.7500;Uppercut (gancho)
21:17:47;171.6875;19.6875;-48.5000;Uppercut (gancho)
21:17:47;168.3750;17.3750;-51.5625;Uppercut (gancho)
21:17:47;165.5000;14.7500;-43.8125;Uppercut (gancho)
21:17:47;165.3750;8.4375;-37.9375;Uppercut (gancho)
21:17:47;164.1875;3.0625;-31.9375;Uppercut (gancho)
21:17:47;163.0625;1.1250;-26.6875;Uppercut (gancho)
21:17:47;162.7500;-0.4375;-24.3750;Uppercut (gancho)
21:17:47;161.7500;-2.9375;-21.3750;Uppercut (gancho)
21:17:47;161.2500;-3.0625;-19.3750;Uppercut (gancho)
21:17:47;161.7500;-3.8125;-18.9375;Uppercut (gancho)
21:17:48;162.2500;-4.3125;-17.6875;Uppercut (gancho)
21:17:48;162.1250;-3.9375;-17.3125;Uppercut (gancho)
21:17:48;161.6250;-3.4375;-15.1250;Uppercut (gancho)
21:17:48;161.3125;-2.7500;-11.9375;Uppercut (gancho)
21:17:48;161.0000;-2.2500;-10.1250;Uppercut (gancho)
21:17:48;162.3750;-1.5000;-8.7500;Uppercut (gancho)
21:17:48;162.0625;-1.1875;-6.8125;Uppercut (gancho)
21:17:48;161.5000;-1.2500;-4.1250;Uppercut (gancho)
21:17:48;160.7500;-1.0000;-2.5625;Uppercut (gancho)
21:17:48;160.2500;-0.8125;-2.1250;Uppercut (gancho)
21:17:49;159.9375;-0.6875;-2.3750;Uppercut (gancho)
21:17:49;159.7500;-0.5625;-1.6875;Uppercut (gancho)
21:17:49;159.5625;-0.5000;-1.2500;Uppercut (gancho)
21:17:49;159.1875;-0.4375;-0.9375;Uppercut (gancho)
21:17:49;158.7500;-0.3750;-0.6875;Uppercut (gancho)
21:17:49;158.1875;-0.3750;-0.5000;Uppercut (gancho)
21:17:49;158.0625;-0.3750;-0.3125;Uppercut (gancho)
21:17:49;157.6875;-0.3125;-0.1875;Uppercut (gancho)
21:17:49;157.3125;-0.3125;-0.1250;Uppercut (gancho)
21:17:49;157.0000;-0.3125;0.0000;Uppercut (gancho)
21:17:50;156.8750;-0.2500;0.0000;Uppercut (gancho)
21:17:50;156.6875;-0.2500;0.0625;Uppercut (gancho)
21:17:50;156.3125;-0.2500;0.1250;Uppercut (gancho)
21:17:50;156.1250;-0.2500;0.1875;Uppercut (gancho)
21:17:50;155.6875;-0.2500;0.2500;Uppercut (gancho)
21:17:50;155.5625;-0.2500;0.3125;Uppercut (gancho)
21:17:50;155.5000;-0.2500;0.3125;Uppercut (gancho)
21:17:50;155.3750;-0.2500;0.3750;Uppercut (gancho)
21:17:50;155.0625;-0.2500;0.3750;Uppercut (gancho)
21:17:50;154.9375;-0.2500;0.4375;Uppercut (gancho)
21:17:51;154.7500;-0.2500;0.4375;Uppercut (gancho)
21:17:51;154.6875;-0.2500;0.4375;Uppercut (gancho)
21:17:51;154.5625;-0.2500;0.4375;Uppercut (gancho)
21:17:51;154.4375;-0.2500;0.4375;Uppercut (gancho)
21:17:51;154.2500;-0.2500;0.4375;Uppercut (gancho)
21:17:51;154.1250;-0.2500;0.4375;Uppercut (gancho)
21:17:51;154.1250;-0.2500;0.4375;Uppercut (gancho)
21:17:51;154.1250;-0.2500;0.4375;Uppercut (gancho)
21:17:51;154.0000;-0.2500;0.4375;Uppercut (gancho)
21:17:52;153.9375;-0.2500;0.4375;Uppercut (gancho)
21:17:52;153.9375;-0.2500;0.4375;Uppercut (gancho)
21:17:52;153.9375;-0.2500;0.4375;Uppercut (gancho)
21:17:52;153.9375;-0.2500;0.4375;Uppercut (gancho)
21:17:52;153.9375;-0.2500;0.4375;Uppercut (gancho)
21:17:52;153.9375;-0.2500;0.4375;Uppercut (gancho)
21:17:52;153.9375;-0.2500;0.4375;Uppercut (gancho)
21:17:52;153.9375;-0.2500;0.4375;Uppercut (gancho)
21:17:52;153.9375;-0.2500;0.4375;Uppercut (gancho)
